iso3	country	join_status	lang_code	language_english	language_autonym	script	competing_languages	join_note	01_pain_term	01_pain_english	01_pain_mark	02_hurt_term	02_hurt_english	02_hurt_mark	03_eco_anxiety_term	03_eco_anxiety_english	03_eco_anxiety_mark	04_uncertainty_term	04_uncertainty_english	04_uncertainty_mark	05_grief_term	05_grief_english	05_grief_mark	06_anger_term	06_anger_english	06_anger_mark	07_hardship_term	07_hardship_english	07_hardship_mark	08_displacement_term	08_displacement_english	08_displacement_mark	09_trauma_term	09_trauma_english	09_trauma_mark	10_loneliness_term	10_loneliness_english	10_loneliness_mark	11_depression_term	11_depression_english	11_depression_mark	12_fear_term	12_fear_english	12_fear_mark	13_helplessness_term	13_helplessness_english	13_helplessness_mark	14_shame_term	14_shame_english	14_shame_mark	15_no_pain_term	15_no_pain_english	15_no_pain_mark	labels	gaps	exact_F	broader_or_narrower_E
AFG	Afghanistan	OPEN	prs	Dari (Afghan Persian)		Arab	Pashto (ps); Uzbek (uz)	Dari is the wider lingua franca; Pashto has a comparable claim as national language.	درد جسمی	physical pain; bodily pain	F	رنج روانی	mental or emotional suffering	F	اضطراب اقلیمی	climate anxiety	F	بی‌ثباتی	instability	E	غم	grief / sadness	E	خشم	anger; rage; wrath	E	عسر	destitution, hardship, necessity	E	آوارگی	uprootedness / homelessness / wandering	E	آسیب روانی	psychological trauma; psychological injury	F	تنهایی	loneliness; solitude; aloneness	E	افسردگی	despondence, depression, melancholy	E	ترس	fear; fright	E	درمانده	distressed; hopeless; helpless	E	شرم	shame / embarrassment	E	درد ندارد	has no pain	F	15	0	5	10
ALB	Albania	SETTLED	sq	Albanian	shqip	Latn			dhembje	pain	E	trishtim	sadness	E	ankth klimatik	climate anxiety	E	pasiguri	insecurity / uncertainty	E	pikëllim	grief / deep sorrow	E	zemërim	anger / outrage	E	vështirësi	difficulty / hardship	E	shpërngulje	relocation / displacement	E	traumë	serious bodily injury; figuratively, severe emotional shock	F	vetmi	loneliness	E	depresion	depression	F	frikë	fear / dread	E	pafuqi	weakness; impotence; helplessness	E	turp	shame	E	pa dhimbje	without pain	F	15	0	3	12
DZA	Algeria	REVIEW	ar	Arabic	العربية	Arab	Tamazight, Kabyle (kab); French (fr)	Tamazight co-official since 2016. Variety question: MSA vs Algerian Darija (arq).	وجع	Pain / ache	F	ضيق	Distress / inner tightness	E	القلق المناخي	climate anxiety, definite form	F	عدم اليقين	uncertainty; lack of certainty	F	حزن	Grief / sorrow	E	غضب	Anger	E	عوز	Want / destitution	E	نزوح	Displacement	E	صدمة	Shock / trauma	E	وحشة	Loneliness / forlornness	E	اكتئاب	Depression	F	خوف وقلق	Fear and anxiety	E	عجز	Inability / powerlessness	E	شعور بالذنب	Feeling of guilt	E	بلا ألم	without pain	F	15	0	5	10
AND	Andorra	SETTLED	ca	Catalan	català	Latn			dolor físic	physical pain	F	patiment emocional	emotional suffering	F	ansietat climàtica	climate anxiety	E	incertesa	uncertainty	E	dol	mourning; grief	E	indignació	indignation	E	inseguretat econòmica	economic insecurity	E	exili	exile	E	sobrecàrrega emocional	emotional overload	E	soledat	loneliness; solitude	E	depressió	depression	E	por	fear	E	sensació d'impotència	feeling of powerlessness	E	vergonya	shame	E	sense patiment	without suffering	F	15	0	3	12
AGO	Angola	SETTLED	pt	Portuguese	português	Latn	Umbundu (umb)	Portuguese is dominant and rising as L1.	dor física	physical pain	F	sofrimento emocional	emotional suffering	F	ansiedade climática	climate anxiety	E	incerteza	uncertainty	E	luto	mourning; bereavement	E	indignação	indignation	E	insegurança material	material insecurity	E	exílio	exile	E	sobrecarga emocional	emotional overload	E	solidão	loneliness; solitude	E	depressão	depression	E	medo	fear	E	impotência	powerlessness	E	vergonha	shame	E	sem sofrimento	without suffering	F	15	0	3	12
ATG	Antigua and Barbuda	SETTLED	en	English		Latn			Pain	Pain	F	Hurt	Hurt	E	Eco-anxiety	Eco-anxiety	E	Uncertainty	Uncertainty	F	Grief	Grief	E	Anger	Anger	E	Hardship	Hardship	E	Displacement	Displacement	E	Trauma	Trauma	E	Loneliness	Loneliness	E	Depression	Depression	E	Fear	Fear	E	Helplessness	Helplessness	F	Shame	Shame	E	No pain	No pain	F	15	0	4	11
ARG	Argentina	SETTLED	es	Spanish	español	Latn		Variety: Rioplatense.	dolor físico	Physical pain	F	dolor emocional	Emotional pain	F	ecoansiedad	eco-anxiety; chronic fear of environmental catastrophe	F	incertidumbre	Uncertainty	F	duelo	Grief, mourning	E	indignación	Indignation, outrage	E	precariedad	Precarity	E	desarraigo	Rootlessness, uprooting	F	trauma	Trauma	E	soledad	Loneliness, solitude	E	depresión	Depression	F	ansiedad	Anxiety	E	impotencia	Powerlessness	F	culpa	Guilt, blame	E	sin dolor	without pain	F	15	0	8	7
ARM	Armenia	SETTLED	hy	Armenian	հայերեն	Armn			ֆիզիկական ցավ	physical pain	F	տառապանք	suffering; torment	E	կլիմայական տագնապ	climate anxiety	F	անորոշություն	uncertainty; indefiniteness	F	վիշտ	grief; sorrow	E	վրդովմունք	indignation; resentment	E	զրկանք	deprivation; hardship	E	տեղահանում	displacement; removal	E	տրավմա	trauma	E	մենակություն	loneliness; solitude	E	դեպրեսիա	depression	F	վախ	fear	E	անօգնականություն	helplessness	F	ամոթ	shame	E	ցավ չկա	there is no pain	F	15	0	6	9
AUS	Australia	SETTLED	en	English		Latn			Pain	Pain	F	Hurt	Hurt	E	Eco-anxiety	Eco-anxiety	E	Uncertainty	Uncertainty	F	Grief	Grief	E	Anger	Anger	E	Hardship	Hardship	E	Displacement	Displacement	E	Trauma	Trauma	E	Loneliness	Loneliness	E	Depression	Depression	E	Fear	Fear	E	Helplessness	Helplessness	F	Shame	Shame	E	No pain	No pain	F	15	0	4	11
AUT	Austria	SETTLED	de	German	Deutsch	Latn		Variety: Austrian German.	körperlicher Schmerz	physical pain	F	seelischer Schmerz	emotional/psychological pain	F	Klimaangst	climate fear/anxiety	E	Ungewissheit	uncertainty	E	Trauer	grief; mourning; sorrow	E	Empörung	indignation; outrage	E	Existenzsorge	worry about one’s livelihood/existence	E	Entwurzelung	uprooting; rootlessness	E	Überforderung	being overwhelmed; excessive demand	E	Einsamkeit	loneliness; solitude	E	Depression	depression	E	Angst	fear/anxiety	E	Hilflosigkeit	helplessness	F	Scham	shame	E	ohne Leid	without suffering/distress	F	15	0	4	11
AZE	Azerbaijan	SETTLED	az	Azerbaijani	azərbaycan	Latn			fiziki ağrı	physical pain	F	kədər	sorrow; sadness	E	iqlim narahatlığı	climate anxiety; climate worry	F	qeyri-müəyyənlik	uncertainty; indefiniteness	F	yas	mourning	E	qəzəb	anger; rage	E	məhrumiyyət	deprivation; privation	E	didərginlik	exile; wandering; homelessness	E	travma	trauma	E	tənhalıq	loneliness; solitude	E	depressiya	depression	F	qorxu	fear	E	çarəsizlik	helplessness; desperation	E	utanc	shame	E	ağrı yoxdur	there is no pain	F	15	0	5	10
BHS	Bahamas	SETTLED	en	English		Latn			Pain	Pain	F	Hurt	Hurt	E	Eco-anxiety	Eco-anxiety	E	Uncertainty	Uncertainty	F	Grief	Grief	E	Anger	Anger	E	Hardship	Hardship	E	Displacement	Displacement	E	Trauma	Trauma	E	Loneliness	Loneliness	E	Depression	Depression	E	Fear	Fear	E	Helplessness	Helplessness	F	Shame	Shame	E	No pain	No pain	F	15	0	4	11
BHR	Bahrain	SETTLED	ar	Arabic	العربية	Arab		Variety: Gulf Arabic vs MSA.	وجع	Pain / ache	F	ضيق	Distress / inner tightness	E	القلق المناخي	climate anxiety, definite form	F	عدم اليقين	uncertainty; lack of certainty	F	حزن	Grief / sorrow	E	غضب	Anger	E	عوز	Want / destitution	E	نزوح	Displacement	E	صدمة	Shock / trauma	E	وحشة	Loneliness / forlornness	E	اكتئاب	Depression	F	خوف وقلق	Fear and anxiety	E	عجز	Inability / powerlessness	E	شعور بالذنب	Feeling of guilt	E	بلا ألم	without pain	F	15	0	5	10
BGD	Bangladesh	SETTLED	bn	Bengali	বাংলা	Beng			শারীরিক ব্যথা	physical pain	F	কষ্ট	suffering; pain; hardship	E	জলবায়ু উদ্বেগ	climate anxiety	F	অনিশ্চয়তা	uncertainty	F	শোক	grief; mourning	E	ক্ষোভ	resentment; indignation; anger	E	অভাব	lack; want; shortage	E	বাস্তুচ্যুতি	displacement from home	F	মানসিক আঘাত	psychological trauma	F	একাকীত্ব	loneliness; solitude	E	বিষণ্নতা	depression; melancholy	F	ভয়	fear	E	অসহায়ত্ব	helplessness	F	লজ্জা	shame; modesty; embarrassment	E	ব্যথা নেই	there is no pain	F	15	0	8	7
BRB	Barbados	SETTLED	en	English		Latn			Pain	Pain	F	Hurt	Hurt	E	Eco-anxiety	Eco-anxiety	E	Uncertainty	Uncertainty	F	Grief	Grief	E	Anger	Anger	E	Hardship	Hardship	E	Displacement	Displacement	E	Trauma	Trauma	E	Loneliness	Loneliness	E	Depression	Depression	E	Fear	Fear	E	Helplessness	Helplessness	F	Shame	Shame	E	No pain	No pain	F	15	0	4	11
BLR	Belarus	OPEN	be	Belarusian	беларуская	Cyrl	Russian (ru)	Russian dominates actual public and domestic use; Belarusian is the titular language.	фізічны боль	physical pain; bodily hurt	F	душэўны боль	inner pain; heartache; mental anguish	C	экатрывога	eco-anxiety	F	няпэўнасць	uncertainty, indefiniteness	E	смутак	grief, mourning, sadness, sorrow	E	гнеў	anger; wrath; indignation	E	нястача	shortage; want; poverty	E	выгнанне	exile; banishment; expulsion	E	псіхалагічная траўма	psychological trauma	F	адзінота	loneliness; solitude	E	дэпрэсія	depression	E	страх	fear; fright; dread	E	бездапаможнасць	helplessness; powerlessness	F	сорам	shame; embarrassment	E	без болю	without pain	F	15	0	5	9
BEL	Belgium	OPEN	nl	Dutch	Nederlands	Latn	French (fr); German (de)	Roughly 60/40 Dutch/French. No single national language.	lichamelijke pijn	physical pain	F	emotionele pijn	emotional pain	F	klimaatangst	climate fear/anxiety	E	onzekerheid	uncertainty; insecurity	E	rouw	mourning; grief	E	verontwaardiging	indignation; outrage	E	financiële onzekerheid	financial insecurity	E	ballingschap	exile	E	overbelasting	overload	E	eenzaamheid	loneliness; solitude	E	depressie	depression	E	angst	fear/anxiety	E	machteloosheid	powerlessness	F	schaamte	shame	E	zonder lijden	without suffering	F	15	0	4	11
BLZ	Belize	REVIEW	en	English		Latn	Spanish (es); Belize Kriol (bzj)	English is official and spoken by about 76%. Belize collects no mother-tongue census variable, so no language can be called the largest L1 from official data.	Pain	Pain	F	Hurt	Hurt	E	Eco-anxiety	Eco-anxiety	E	Uncertainty	Uncertainty	F	Grief	Grief	E	Anger	Anger	E	Hardship	Hardship	E	Displacement	Displacement	E	Trauma	Trauma	E	Loneliness	Loneliness	E	Depression	Depression	E	Fear	Fear	E	Helplessness	Helplessness	F	Shame	Shame	E	No pain	No pain	F	15	0	4	11
BEN	Benin	REVIEW	fr	French	français	Latn	Fon (fon); Yoruba (yo)	French is the sole official language but a minority L1.	douleur physique	physical pain	F	douleur émotionnelle	emotional pain	F	éco-anxiété	eco-anxiety	E	incertitude	uncertainty	F	deuil	bereavement / mourning / grief	E	indignation	indignation / moral outrage	E	précarité	precarity / insecurity	E	déracinement	uprooting	F	traumatisme	trauma	E	solitude	loneliness	E	dépression	depression	F	angoisse	anguish / fear / anxiety	E	sentiment d'impuissance	feeling of helplessness	F	honte	shame	E	absence de détresse	absence of distress	E	15	0	6	9
BTN	Bhutan	OPEN	dz	Dzongkha	རྫོང་ཁ	Tibt	Tshangla (tsj); Nepali (ne)	Dzongkha is the national language but L1 for only roughly 24-28%, matched by Tshangla and close to Nepali. Estimates conflict and no consolidated census breakdown exists.	ཟུག	Pain	E	སེམས་ཕམ	Hurt	E		Eco-anxiety	X	ཡིད་གཉིས	doubt, uncertainty	E	མྱ་ངན	grief; mourning	F	ཁོང་ཁྲོ	anger, rage, fury, resentment	E	དབུལ་ཕོངས	poverty, destitution, misery, ruin	E	མཐར་བཤུད	exile; deportation	P	སེམས་ནད་ཕོག་པ	trauma	P	དབེན་པ	Loneliness	E	བློ་ཕམ་ཡིད་ཕམ	depression; disappointment and dejection	E	འཇིགས་སྣང	Fear	E	ཐབས་ཆག	desperation; helplessness	P	ཁྲེལ	guilt and shame	E	ཟུག་མེད	pain does not exist	F	14	1	2	9
BOL	Bolivia	OPEN	es	Spanish	español	Latn	Quechua (qu); Aymara (ay)	36 official languages; large indigenous-language populations.	dolor físico	Physical pain	F	dolor emocional	Emotional pain	F	ecoansiedad	eco-anxiety; chronic fear of environmental catastrophe	F	incertidumbre	Uncertainty	F	duelo	Grief, mourning	E	indignación	Indignation, outrage	E	precariedad	Precarity	E	desarraigo	Rootlessness, uprooting	F	trauma	Trauma	E	soledad	Loneliness, solitude	E	depresión	Depression	F	ansiedad	Anxiety	E	impotencia	Powerlessness	F	culpa	Guilt, blame	E	sin dolor	without pain	F	15	0	8	7
BIH	Bosnia and Herzegovina	OPEN	bs	Bosnian	bosanski	Latn	Serbian (sr); Croatian (hr)	Three co-official standards of one pluricentric language.	fizička bol	physical pain	F	tuga	sadness; sorrow	E	klimatska anksioznost	climate anxiety	F	neizvjesnost	uncertainty	F	žalost	grief; sorrow	E	ogorčenje	indignation; bitterness; outrage	E	oskudica	scarcity; privation; want	F	raseljenost	displacement; state of being displaced	F	trauma	trauma	E	usamljenost	loneliness	F	depresija	depression	F	strah	fear	E	bespomoćnost	helplessness	F	sram	shame	E	bez bola	without pain	F	15	0	9	6
BWA	Botswana	REVIEW	tn	Setswana		Latn	English (en)	Setswana is L1 for ~80%; English is the official written language.	botlhoko	pain	E	bohutsana	sadness; great grief	E		Eco-anxiety	X	pelaelo	doubt; suspicion	E	khutsafalo	grief; sorrow	E	bogale	anger	E	lehuma	poverty	E	mofaladi	an exile; a refugee	E	trauma	trauma	F	bodutu	loneliness; solitude	E	Ngodiego	depression	F	poifo	fear	E		Helplessness	X	ditlhong	shame	E	Setlhabi sepe	no pain	F	13	2	3	10
BRA	Brazil	SETTLED	pt	Portuguese	português	Latn		Variety: Brazilian Portuguese, distinct from European.	dor física	physical pain	F	sofrimento emocional	emotional suffering	F	ansiedade climática	climate anxiety	E	incerteza	uncertainty	E	luto	mourning; bereavement	E	indignação	indignation	E	insegurança material	material insecurity	E	exílio	exile	E	sobrecarga emocional	emotional overload	E	solidão	loneliness; solitude	E	depressão	depression	E	medo	fear	E	impotência	powerlessness	E	vergonha	shame	E	sem sofrimento	without suffering	F	15	0	3	12
BRN	Brunei	SETTLED	ms	Malay	bahasa Malaysia	Latn			sakit badan	bodily pain/ache	F	penderitaan emosi	emotional suffering	F	kebimbangan iklim	climate worry/anxiety	E	ketidakpastian	uncertainty	E	perkabungan	mourning; bereavement	E	kemarahan kerana ketidakadilan	anger because of injustice	E	kebimbangan kewangan	financial worry/anxiety	E	perpindahan paksa	forced migration/relocation	E	beban emosi	emotional burden	E	kesunyian	loneliness; solitude/quietness	E	kemurungan	depression; gloom	E	ketakutan	fear	E	rasa tidak berdaya	feeling powerless	E	malu	shame/embarrassment	E	tanpa penderitaan	without suffering	F	15	0	3	12
BGR	Bulgaria	SETTLED	bg	Bulgarian	български	Cyrl			физическа болка	physical pain; bodily hurt	F	душевна болка	inner pain; heartache; mental anguish	F	екотревожност	eco-anxiety; worry or anxiety caused by climate change and environmental threats	F	несигурност	uncertainty, insecurity, suspense, diffidence	E	скръб	grief, sorrow, dolefulness	E	възмущение	indignation; outrage; angry disapproval	E	недоимък	privation; want; poverty; lack of means	E	изгнание	exile; forced or voluntary departure from one’s homeland	F	психична травма	psychological trauma	F	самота	loneliness; solitude; aloneness	E	депресия	depression; depressive state; also non-mental domain senses	E	страх	fear; fright; dread	E	безпомощност	helplessness; powerlessness; inability to help oneself	E	срам	shame	E	без болка	without pain	F	15	0	6	9
BFA	Burkina Faso	REVIEW	fr	French	français	Latn	Mooré (mos); Dioula (dyu)	French official; Mooré is the largest L1.	douleur physique	physical pain	F	douleur émotionnelle	emotional pain	F	éco-anxiété	eco-anxiety	E	incertitude	uncertainty	F	deuil	bereavement / mourning / grief	E	indignation	indignation / moral outrage	E	précarité	precarity / insecurity	E	déracinement	uprooting	F	traumatisme	trauma	E	solitude	loneliness	E	dépression	depression	F	angoisse	anguish / fear / anxiety	E	sentiment d'impuissance	feeling of helplessness	F	honte	shame	E	absence de détresse	absence of distress	E	15	0	6	9
BDI	Burundi	SETTLED	rn	Kirundi	Ikirundi	Latn	French (fr)	Kirundi is near-universal L1.	ububabare	bodily pain	E	agahinda	sorrow	E	ubwoba bw'ibihe	fear of the seasons / weather	C	ukutamenya	the not-knowing	C	intimba	mourning, lament	E	ishavu	anger, vexation	E	ubukene	poverty, scarcity	E	ubuhunzi	refugeehood, flight	E	ihahamuka	trauma, startle-and-alertness after atrocity	E	irungu	solitude, loneliness	E	akabonge	a lasting sunken heaviness	E	ubwoba	fear	E	kudashobora	to be unable	F	isoni	shame	E	nta bubabare	no pain	F	15	0	2	11
CPV	Cabo Verde	OPEN	kea	Cape Verdean Creole	kabuverdianu	Latn	Portuguese (pt)	Creole is universally spoken; Portuguese is the written/official language.	dor	pain; ache; regret	E	tristeza	sadness	E		NO TERM FOUND	X	instabilidadi	instability	F	sodadi	longing	E	raiba	anger; rage	E	difikuldadi	difficulty; hardship in a broad sense	E		NO TERM FOUND	X		NO TERM FOUND	X	solidon	loneliness	F	dizisperu	despair	F	medu	fear	E	inpoténsia	powerlessness; impotence	P	kulpa	guilt; blame	F	sen dor	without pain	F	12	3	5	6
KHM	Cambodia	SETTLED	km	Khmer	ខ្មែរ	Khmr			ឈឺ	to hurt, to be in pain	E	ទុក្ខ	suffering, sorrow	E	ព្រួយបារម្ភអាកាសធាតុ	climate worry	C	ភាពមិនប្រាកដប្រជា	uncertainty	C	សោកសៅ	grief, sorrow	E	កំហឹង	anger	E	បាត់បង់	loss	E	ជនភៀសខ្លួន	refugee	E	បាក់ស្បាត	broken courage	E	ឯកោ	alone, lonely	E	ជំងឺបាក់ទឹកចិត្ត	depression (as an illness)	E	ភ័យ	fear, fright	E	អស់សង្ឃឹម	hopeless, in despair	E	ខ្មាសអៀន	ashamed, embarrassed	E	ធម្មតា	ordinary, usual, normal	E	15	0	0	13
CMR	Cameroon	OPEN	fr	French	français	Latn	English (en); Fang/Ewondo and 250+ others	Two official languages plus very high linguistic diversity.	douleur physique	physical pain	F	douleur émotionnelle	emotional pain	F	éco-anxiété	eco-anxiety	E	incertitude	uncertainty	F	deuil	bereavement / mourning / grief	E	indignation	indignation / moral outrage	E	précarité	precarity / insecurity	E	déracinement	uprooting	F	traumatisme	trauma	E	solitude	loneliness	E	dépression	depression	F	angoisse	anguish / fear / anxiety	E	sentiment d'impuissance	feeling of helplessness	F	honte	shame	E	absence de détresse	absence of distress	E	15	0	6	9
CAN	Canada	OPEN	en	English		Latn	French (fr)	Two official languages; ~75/22 split.	Pain	Pain	F	Hurt	Hurt	E	Eco-anxiety	Eco-anxiety	E	Uncertainty	Uncertainty	F	Grief	Grief	E	Anger	Anger	E	Hardship	Hardship	E	Displacement	Displacement	E	Trauma	Trauma	E	Loneliness	Loneliness	E	Depression	Depression	E	Fear	Fear	E	Helplessness	Helplessness	F	Shame	Shame	E	No pain	No pain	F	15	0	4	11
CAF	Central African Republic	REVIEW	sg	Sango	Sängö	Latn	French (fr)	Sango is near-universal as a lingua franca and co-official.	finoo	physical pain	F	mawa	misfortune, sorrow, emotional distress	E		Eco-anxiety	X	kite	doubt; objection; expostulation	E	vundu	sorrow after misfortune; resentful grief	F	ngonzo	anger, fury, resentment	E	nzinga	poverty	F	kpe	flee; run away	F		Trauma	X	oko	one; only; alone	E	nze	be discouraged; give up	F	kpëngö mbeto	fear, reverential fear	E		Helplessness	X	kamela	shame	F	findo aeke pepe	pain is-not / there is no pain	F	12	3	7	5
TCD	Chad	OPEN	ar	Arabic	العربية	Arab	French (fr); Modern Standard Arabic (ar)	Arabic and French are both official. Variety: Chadian Arabic (shu) is the spoken lingua franca but is an unwritten vernacular.	وجع	Pain / ache	F	ضيق	Distress / inner tightness	E	القلق المناخي	climate anxiety, definite form	F	عدم اليقين	uncertainty; lack of certainty	F	حزن	Grief / sorrow	E	غضب	Anger	E	عوز	Want / destitution	E	نزوح	Displacement	E	صدمة	Shock / trauma	E	وحشة	Loneliness / forlornness	E	اكتئاب	Depression	F	خوف وقلق	Fear and anxiety	E	عجز	Inability / powerlessness	E	شعور بالذنب	Feeling of guilt	E	بلا ألم	without pain	F	15	0	5	10
CHL	Chile	SETTLED	es	Spanish	español	Latn			dolor físico	Physical pain	F	dolor emocional	Emotional pain	F	ecoansiedad	eco-anxiety; chronic fear of environmental catastrophe	F	incertidumbre	Uncertainty	F	duelo	Grief, mourning	E	indignación	Indignation, outrage	E	precariedad	Precarity	E	desarraigo	Rootlessness, uprooting	F	trauma	Trauma	E	soledad	Loneliness, solitude	E	depresión	Depression	F	ansiedad	Anxiety	E	impotencia	Powerlessness	F	culpa	Guilt, blame	E	sin dolor	without pain	F	15	0	8	7
CHN	China	SETTLED	zh	Chinese (Mandarin)	中文	Hans		Script: Simplified.	身体疼痛	bodily pain	F	内心痛苦	inner emotional suffering	F	气候焦虑	climate anxiety	E	不确定感	sense of uncertainty	E	哀痛	grief; sorrow	E	义愤	righteous indignation	E	生计忧虑	livelihood worry	E	流离失所	displaced; homeless; wandering without a home	E	不堪重负	unable to bear a heavy burden; overwhelmed	E	寂寞	lonely; lonesome	E	抑郁	depressed; gloomy; depression	E	焦虑	anxiety	E	无力感	feeling of powerlessness; also physical weakness	E	羞耻	shame	E	没有痛苦	no suffering/pain	F	15	0	3	12
COL	Colombia	SETTLED	es	Spanish	español	Latn			dolor físico	Physical pain	F	dolor emocional	Emotional pain	F	ecoansiedad	eco-anxiety; chronic fear of environmental catastrophe	F	incertidumbre	Uncertainty	F	duelo	Grief, mourning	E	indignación	Indignation, outrage	E	precariedad	Precarity	E	desarraigo	Rootlessness, uprooting	F	trauma	Trauma	E	soledad	Loneliness, solitude	E	depresión	Depression	F	ansiedad	Anxiety	E	impotencia	Powerlessness	F	culpa	Guilt, blame	E	sin dolor	without pain	F	15	0	8	7
COM	Comoros	REVIEW	zdj	Comorian (Shikomori)		Latn	French (fr); Arabic (ar)	Comorian is near-universal L1 and is itself official alongside Arabic and French. The code zdj denotes Ngazidja Comorian specifically; ISO 639-3 has no Comorian macrolanguage. CLDR trap: bare `zdj` does not resolve to Latin script, so downstream tags must be written `zdj-Latn` explicitly.	ndroso	pain	F	usikitifu	regret; emotional suffering	F		Eco-anxiety	X	wasiwasi	uncertainty, doubt	E	iɗa	mourning; bereavement	F	usiu	anger	F	umasikini	poverty; material hardship	F	utrazi	flight; fleeing	F		trauma, emotional shock	X	mdjikayo	isolation	F	umavu twamaya	despair; hopelessness	F	uhara	fear; dread	F		NO TERM FOUND	X	âiɓu	shame; dishonour	F		no pain, pain-free	X	11	4	10	1
CRI	Costa Rica	SETTLED	es	Spanish	español	Latn			dolor físico	Physical pain	F	dolor emocional	Emotional pain	F	ecoansiedad	eco-anxiety; chronic fear of environmental catastrophe	F	incertidumbre	Uncertainty	F	duelo	Grief, mourning	E	indignación	Indignation, outrage	E	precariedad	Precarity	E	desarraigo	Rootlessness, uprooting	F	trauma	Trauma	E	soledad	Loneliness, solitude	E	depresión	Depression	F	ansiedad	Anxiety	E	impotencia	Powerlessness	F	culpa	Guilt, blame	E	sin dolor	without pain	F	15	0	8	7
HRV	Croatia	SETTLED	hr	Croatian	hrvatski	Latn			bol	pain	E	bol	pain	E	klimatska anksioznost	climate anxiety	C	neizvjesnost	uncertainty	F	žalost	sorrow	E	ljutnja	anger	E	oskudica	scarcity	E	progonstvo	exile / banishment	E	trauma	trauma	E	osamljenost	loneliness	E	depresija	depression	E	strah	fear	E	bespomoćnost	helplessness	E	sram	shame	E	bez boli	without pain	F	15	0	2	12
CUB	Cuba	SETTLED	es	Spanish	español	Latn			dolor físico	Physical pain	F	dolor emocional	Emotional pain	F	ecoansiedad	eco-anxiety; chronic fear of environmental catastrophe	F	incertidumbre	Uncertainty	F	duelo	Grief, mourning	E	indignación	Indignation, outrage	E	precariedad	Precarity	E	desarraigo	Rootlessness, uprooting	F	trauma	Trauma	E	soledad	Loneliness, solitude	E	depresión	Depression	F	ansiedad	Anxiety	E	impotencia	Powerlessness	F	culpa	Guilt, blame	E	sin dolor	without pain	F	15	0	8	7
CYP	Cyprus	OPEN	el	Greek	Ελληνικά	Grek	Turkish (tr)	Both official; de facto territorial division.	σωματικός πόνος	physical/bodily pain	F	ψυχικός πόνος	psychological/emotional pain	F	άγχος για το κλίμα	anxiety/stress about the climate	E	αβεβαιότητα	uncertainty; precariousness	E	πένθος	mourning; grief; bereavement	E	αγανάκτηση	rage; outrage; indignation	E	οικονομική αγωνία	economic anguish/worry	E	εξορία	exile; banishment	E	ψυχική πίεση	mental/emotional pressure	E	μοναξιά	loneliness; solitude/seclusion	E	κατάθλιψη	depression	E	φόβος	fear	E	αίσθημα αδυναμίας	feeling of inability/weakness	E	ντροπή	shame	E	χωρίς δυσφορία	without discomfort/distress	E	15	0	2	13
CZE	Czechia	SETTLED	cs	Czech	čeština	Latn			bolest	pain	E	smutek	sadness; sorrow	E	úzkost	anxiety	E	nejistota	uncertainty	E	žal	grief	E	hněv	anger	E	nouze	distress	E	vyhnanství	exile	E	trauma	trauma	E	osamělost	loneliness	E	deprese	depression	E	strach	fear	E	bezmoc	helplessness / powerlessness	E	stud	shame	E	žádná bolest	no pain	F	15	0	1	14
CIV	Côte d'Ivoire	REVIEW	fr	French	français	Latn	Dioula (dyu)	French has unusually high urban L1 penetration here.	douleur physique	physical pain	F	douleur émotionnelle	emotional pain	F	éco-anxiété	eco-anxiety	E	incertitude	uncertainty	F	deuil	bereavement / mourning / grief	E	indignation	indignation / moral outrage	E	précarité	precarity / insecurity	E	déracinement	uprooting	F	traumatisme	trauma	E	solitude	loneliness	E	dépression	depression	F	angoisse	anguish / fear / anxiety	E	sentiment d'impuissance	feeling of helplessness	F	honte	shame	E	absence de détresse	absence of distress	E	15	0	6	9
COD	DR Congo	OPEN	fr	French	français	Latn	Lingala (ln); Swahili (sw); Kikongo (kg); Tshiluba (lua)	French official; four national languages with distinct regions.	douleur physique	physical pain	F	douleur émotionnelle	emotional pain	F	éco-anxiété	eco-anxiety	E	incertitude	uncertainty	F	deuil	bereavement / mourning / grief	E	indignation	indignation / moral outrage	E	précarité	precarity / insecurity	E	déracinement	uprooting	F	traumatisme	trauma	E	solitude	loneliness	E	dépression	depression	F	angoisse	anguish / fear / anxiety	E	sentiment d'impuissance	feeling of helplessness	F	honte	shame	E	absence de détresse	absence of distress	E	15	0	6	9
DNK	Denmark	SETTLED	da	Danish	dansk	Latn			fysisk smerte	physical pain; bodily pain	C	smerte	pain, suffering, grief	E	klimaangst	Eco-anxiety	E	usikkerhed	uncertainty; insecurity; lack of confidence	E	sorg	grief	E	harme	indignation; resentment; deep-felt anger	E	afsavn	deprivation, privation, lack	E	fordrivelse	expulsion; forced removal; displacement	E	traume	trauma; physical or psychological injury/shock	E	ensomhed	loneliness	E	depression	depression; sustained depressive mental state; also non-mental domain senses	F	frygt	fear; dread; apprehension	E	afmagt	powerlessness	E	skam	shame; embarrassment; disgrace	E	smertefri	pain-free; painless	E	15	0	1	13
DJI	Djibouti	REVIEW	so	Somali	Soomaali	Latn	Afar (aa); Arabic (ar); French (fr)	Arabic and French official; Somali and Afar are the L1s.	xanuun jireed	physical pain; bodily hurt	F	murugo	sadness; sorrow; grief	E	walaaca cimilada	climate worry; climate anxiety	E	hubanti-la’aan	uncertainty; lack of certainty	F	tiiraanyo	a matter over which one grieves	F	caro	anger; anger-like irritation	E	baahi	need; want; deprivation; scarcity or hunger in context	E	barakac	displacement; evacuation	E	dhaawac nafsi	psychological injury; mental wound	F	kelinimo	loneliness; solitude; aloneness	E	niyad-jab	discouragement; dejection; disappointment; depression in some current usage	E	cabsi	fear; fright; dread	E	awood la’aan	powerlessness; lack of ability; inability; also impotence in sexual-health usage	E	xishood	shyness; modesty; embarrassment; shame	E	xanuun la'aan	without pain	F	15	0	5	10
DMA	Dominica	SETTLED	en	English		Latn	Dominican Creole French (acf)		Pain	Pain	F	Hurt	Hurt	E	Eco-anxiety	Eco-anxiety	E	Uncertainty	Uncertainty	F	Grief	Grief	E	Anger	Anger	E	Hardship	Hardship	E	Displacement	Displacement	E	Trauma	Trauma	E	Loneliness	Loneliness	E	Depression	Depression	E	Fear	Fear	E	Helplessness	Helplessness	F	Shame	Shame	E	No pain	No pain	F	15	0	4	11
DOM	Dominican Republic	SETTLED	es	Spanish	español	Latn			dolor físico	Physical pain	F	dolor emocional	Emotional pain	F	ecoansiedad	eco-anxiety; chronic fear of environmental catastrophe	F	incertidumbre	Uncertainty	F	duelo	Grief, mourning	E	indignación	Indignation, outrage	E	precariedad	Precarity	E	desarraigo	Rootlessness, uprooting	F	trauma	Trauma	E	soledad	Loneliness, solitude	E	depresión	Depression	F	ansiedad	Anxiety	E	impotencia	Powerlessness	F	culpa	Guilt, blame	E	sin dolor	without pain	F	15	0	8	7
ECU	Ecuador	SETTLED	es	Spanish	español	Latn	Quichua (qu)		dolor físico	Physical pain	F	dolor emocional	Emotional pain	F	ecoansiedad	eco-anxiety; chronic fear of environmental catastrophe	F	incertidumbre	Uncertainty	F	duelo	Grief, mourning	E	indignación	Indignation, outrage	E	precariedad	Precarity	E	desarraigo	Rootlessness, uprooting	F	trauma	Trauma	E	soledad	Loneliness, solitude	E	depresión	Depression	F	ansiedad	Anxiety	E	impotencia	Powerlessness	F	culpa	Guilt, blame	E	sin dolor	without pain	F	15	0	8	7
EGY	Egypt	SETTLED	ar	Arabic	العربية	Arab		Variety: Egyptian Arabic (arz) vs MSA. Egyptian is the most widely understood spoken variety.	وجع	Pain / ache	F	ضيق	Distress / inner tightness	E	القلق المناخي	climate anxiety, definite form	F	عدم اليقين	uncertainty; lack of certainty	F	حزن	Grief / sorrow	E	غضب	Anger	E	عوز	Want / destitution	E	نزوح	Displacement	E	صدمة	Shock / trauma	E	وحشة	Loneliness / forlornness	E	اكتئاب	Depression	F	خوف وقلق	Fear and anxiety	E	عجز	Inability / powerlessness	E	شعور بالذنب	Feeling of guilt	E	بلا ألم	without pain	F	15	0	5	10
SLV	El Salvador	SETTLED	es	Spanish	español	Latn			dolor físico	Physical pain	F	dolor emocional	Emotional pain	F	ecoansiedad	eco-anxiety; chronic fear of environmental catastrophe	F	incertidumbre	Uncertainty	F	duelo	Grief, mourning	E	indignación	Indignation, outrage	E	precariedad	Precarity	E	desarraigo	Rootlessness, uprooting	F	trauma	Trauma	E	soledad	Loneliness, solitude	E	depresión	Depression	F	ansiedad	Anxiety	E	impotencia	Powerlessness	F	culpa	Guilt, blame	E	sin dolor	without pain	F	15	0	8	7
GNQ	Equatorial Guinea	REVIEW	es	Spanish	español	Latn	Fang (fan); French (fr); Portuguese (pt)	Spanish is the dominant public language; Fang is the largest L1.	dolor físico	Physical pain	F	dolor emocional	Emotional pain	F	ecoansiedad	eco-anxiety; chronic fear of environmental catastrophe	F	incertidumbre	Uncertainty	F	duelo	Grief, mourning	E	indignación	Indignation, outrage	E	precariedad	Precarity	E	desarraigo	Rootlessness, uprooting	F	trauma	Trauma	E	soledad	Loneliness, solitude	E	depresión	Depression	F	ansiedad	Anxiety	E	impotencia	Powerlessness	F	culpa	Guilt, blame	E	sin dolor	without pain	F	15	0	8	7
ERI	Eritrea	REVIEW	ti	Tigrinya	ትግርኛ	Ethi	Arabic (ar); Tigre (tig)	No single official language; Tigrinya is dominant in practice.	ቃንዛ	pain; ache; hurt	E	ጓሂ	sorrow, sadness, emotional or mental suffering, distress	F		NO TERM FOUND	X	ዘይርጉጽነት	uncertainty; incertitude	F	ሓዘን	sorrow, sadness, grief, mourning	E	ቁጥዐ	anger; irritation	E	ድኽነት	poverty	F	ምምዝባል	displacement; uprooting	F	ስንባደ	alarm, fright, shock, anxiety, dismay	E	ጽምዋ	solitude; loneliness	E	ተስፋ ምቑራጽ	loss of hope; hopelessness	F	ፍርሒ	fear; fright	E	ዓቕሚ ኣልቦነት	powerlessness; lack of capacity	F	ሕፍረት	shame, disgrace, dishonour	E	ብዘይ ቃንዛ	without pain	C	14	1	6	7
EST	Estonia	REVIEW	et	Estonian	eesti	Latn	Russian (ru)	Roughly 27% report Russian as their native language, comparable to Latvia. Public education is transitioning fully to Estonian by 2030.	kehavalu	body pain; bodily ache	F	kurbus	sadness	E	kliimaärevus	climate anxiety	F	ebakindlus	uncertainty; insecurity	F	lein	mourning; grief	E	nördimus	indignation; outrage	E	kitsikus	straits; hardship; difficulty	E	pagulus	exile	E	psüühiline trauma	psychological trauma	F	üksildus	loneliness	F	depressioon	depression	F	hirm	fear	E	abitus	helplessness	F	häbi	shame; disgrace	E	valu puudub	pain is absent	F	15	0	8	7
SWZ	Eswatini	SETTLED	ss	siSwati	siSwati	Latn	English (en)	siSwati is L1 for roughly 95-97%, matching the near-universal range of Kirundi, Kinyarwanda, Sesotho and Malagasy.	buhlungu	pain, physical or mental	E	buhlungu	pain, physical or mental	E		: 	X	kungaciniseki	uncertainty	F	lusizi	sorrow; pity; grief	E	intfukutselo	anger; wrath	E	buphuya	poverty; destitution	E	kukhishwa ngenkani	forced removal	F	kuhlukubeteka	trauma; traumatization	F	situnge	loneliness; solitude	E	kucindzeteleka emoyeni	depression	F	kwesaba	fear; being afraid	E	butsakatsaka	weakness; frailty	E	lihlazo	shame; disgrace	E	akukho buhlungu	there is no pain	F	14	1	5	9
ETH	Ethiopia	OPEN	am	Amharic	አማርኛ	Ethi	Oromo (om); Tigrinya (ti); Somali (so)	Amharic is a federal working language; Oromo has more L1 speakers.	ሕመም	pain; illness; ache; ailment; sickness; disease	E	ሥቃይ	suffering; torment; distress; affliction	E		NO TERM FOUND	X	አለመረጋጋት	instability; unrest; lack of calm	E	ሐዘን	sadness; sorrow; grief; compassion; affliction	E	ቁጣ	anger; indignation; wrath	E	መከራ	Hardship	E	የግዳጅ መፈናቀል	forced displacement	F	የስሜት ቀውስ	emotional trauma	F	ብቸኝነት	loneliness; isolation; solitude; privacy	E	ትካዜ	sadness; depression	F	ፍርሃት	fear; awe; dread; panic; alarm	E	አቅመቢስነት	failure; powerlessness; helplessness	E	ኀፍረት	shame; disgrace; ignominy; modesty; humiliation	E	ያለ ህመም	without pain	F	14	1	4	10
FJI	Fiji	OPEN	fj	Fijian		Latn	Fiji Hindi (hif); English (en)	Three official languages with two large communities.	mosi ni yago	body pain	F	rarawa	sorrow; sadness	E	rere ena veisau ni draki	fear about climate/weather change	P	veilecayaki	unsettled; uncertain; confused	E	lolosi	grief over absence or loss	E	cudru	anger	E	leqa	trouble; difficulty; distress	E	sevaki	outcast; exile	E	kidroa	startled; stunned; shocked	E	galili	lonely; solitary	E	lomabibi	heavy-hearted; sorrowful; used publicly for depression	E	rere	fear	E	tawa rawata	unable; incapable	F	madua	shame; ashamed; embarrassment / loss of face	E	sega na leqa	no trouble; no problem	F	15	0	3	11
FIN	Finland	SETTLED	fi	Finnish	suomi	Latn	Swedish (sv)	Swedish co-official, ~5%.	ruumiillinen kipu	bodily/physical pain	F	henkinen kärsimys	mental/emotional suffering	E	ilmastoahdistus	climate anxiety/distress	E	epävarmuus	uncertainty; insecurity	E	suru	grief; sorrow; sadness	E	viha	anger; hatred	E	toimeentulohuoli	livelihood worry	E	juurettomuus	rootlessness	E	henkinen kuormitus	mental/emotional load or strain	E	yksinäisyys	loneliness; solitude	E	masennus	depression; low spirits	E	pelko	fear	E	avuttomuus	helplessness; ineptitude	E	häpeä	shame	E	ilman kärsimystä	without suffering	F	15	0	2	13
FRA	France	SETTLED	fr	French	français	Latn			douleur physique	physical pain	F	douleur émotionnelle	emotional pain	F	éco-anxiété	eco-anxiety	E	incertitude	uncertainty	F	deuil	bereavement / mourning / grief	E	indignation	indignation / moral outrage	E	précarité	precarity / insecurity	E	déracinement	uprooting	F	traumatisme	trauma	E	solitude	loneliness	E	dépression	depression	F	angoisse	anguish / fear / anxiety	E	sentiment d'impuissance	feeling of helplessness	F	honte	shame	E	absence de détresse	absence of distress	E	15	0	6	9
GAB	Gabon	SETTLED	fr	French	français	Latn	Fang (fan)	Unusually high French L1 penetration for the region.	douleur physique	physical pain	F	douleur émotionnelle	emotional pain	F	éco-anxiété	eco-anxiety	E	incertitude	uncertainty	F	deuil	bereavement / mourning / grief	E	indignation	indignation / moral outrage	E	précarité	precarity / insecurity	E	déracinement	uprooting	F	traumatisme	trauma	E	solitude	loneliness	E	dépression	depression	F	angoisse	anguish / fear / anxiety	E	sentiment d'impuissance	feeling of helplessness	F	honte	shame	E	absence de détresse	absence of distress	E	15	0	6	9
GMB	Gambia	REVIEW	en	English		Latn	Mandinka (mnk); Wolof (wo)	English official; Mandinka and Wolof are the spoken languages.	Pain	Pain	F	Hurt	Hurt	E	Eco-anxiety	Eco-anxiety	E	Uncertainty	Uncertainty	F	Grief	Grief	E	Anger	Anger	E	Hardship	Hardship	E	Displacement	Displacement	E	Trauma	Trauma	E	Loneliness	Loneliness	E	Depression	Depression	E	Fear	Fear	E	Helplessness	Helplessness	F	Shame	Shame	E	No pain	No pain	F	15	0	4	11
GEO	Georgia	SETTLED	ka	Georgian	ქართული	Geor			ტკივილი	ache, hurt, pain; pang, stab	E	ტანჯვა	heartache, misery, pain, suffering; mental anguish; physical suffering	E	ეკო-შფოთვა	eco-anxiety; ecological anxiety	E	გაურკვევლობა	indeterminacy, suspense, vagueness; also illegibility/inaudibility/indistinctness	E	გლოვა	mourning, sorrow; sadness	E	ბრაზი	anger	E	გაჭირვება	hardship, indigence, need, want, lack, privation	E	გადასახლება	exile, deportation, expatriation; migration, trek	E	ტრავმა	trauma	E	მარტოობა	loneliness; singleness, solitude	E	დეპრესია	depression	E	შიში	fear	E	უმწეობა	defencelessness; helplessness	E	სირცხვილი	shame, disgrace, ignominy; blemish/opprobrium in some lexicography	E	ტკივილის გარეშე	without pain	F	15	0	1	14
DEU	Germany	SETTLED	de	German	Deutsch	Latn			körperlicher Schmerz	physical pain	F	seelischer Schmerz	emotional/psychological pain	F	Klimaangst	climate fear/anxiety	E	Ungewissheit	uncertainty	E	Trauer	grief; mourning; sorrow	E	Empörung	indignation; outrage	E	Existenzsorge	worry about one’s livelihood/existence	E	Entwurzelung	uprooting; rootlessness	E	Überforderung	being overwhelmed; excessive demand	E	Einsamkeit	loneliness; solitude	E	Depression	depression	E	Angst	fear/anxiety	E	Hilflosigkeit	helplessness	F	Scham	shame	E	ohne Leid	without suffering/distress	F	15	0	4	11
GHA	Ghana	REVIEW	en	English		Latn	Akan/Twi (ak)	English is the sole official language; Akan is the largest L1 and lingua franca.	Pain	Pain	F	Hurt	Hurt	E	Eco-anxiety	Eco-anxiety	E	Uncertainty	Uncertainty	F	Grief	Grief	E	Anger	Anger	E	Hardship	Hardship	E	Displacement	Displacement	E	Trauma	Trauma	E	Loneliness	Loneliness	E	Depression	Depression	E	Fear	Fear	E	Helplessness	Helplessness	F	Shame	Shame	E	No pain	No pain	F	15	0	4	11
GRC	Greece	SETTLED	el	Greek	Ελληνικά	Grek			σωματικός πόνος	physical/bodily pain	F	ψυχικός πόνος	psychological/emotional pain	F	άγχος για το κλίμα	anxiety/stress about the climate	E	αβεβαιότητα	uncertainty; precariousness	E	πένθος	mourning; grief; bereavement	E	αγανάκτηση	rage; outrage; indignation	E	οικονομική αγωνία	economic anguish/worry	E	εξορία	exile; banishment	E	ψυχική πίεση	mental/emotional pressure	E	μοναξιά	loneliness; solitude/seclusion	E	κατάθλιψη	depression	E	φόβος	fear	E	αίσθημα αδυναμίας	feeling of inability/weakness	E	ντροπή	shame	E	χωρίς δυσφορία	without discomfort/distress	E	15	0	2	13
GRD	Grenada	SETTLED	en	English		Latn			Pain	Pain	F	Hurt	Hurt	E	Eco-anxiety	Eco-anxiety	E	Uncertainty	Uncertainty	F	Grief	Grief	E	Anger	Anger	E	Hardship	Hardship	E	Displacement	Displacement	E	Trauma	Trauma	E	Loneliness	Loneliness	E	Depression	Depression	E	Fear	Fear	E	Helplessness	Helplessness	F	Shame	Shame	E	No pain	No pain	F	15	0	4	11
GTM	Guatemala	REVIEW	es	Spanish	español	Latn	K'iche' (quc) and other Mayan languages	About 30% of the population speaks a Mayan language, split across roughly 20 distinct languages. The 41.7% figure often quoted is the Maya ethnic share, which is a different measure.	dolor físico	Physical pain	F	dolor emocional	Emotional pain	F	ecoansiedad	eco-anxiety; chronic fear of environmental catastrophe	F	incertidumbre	Uncertainty	F	duelo	Grief, mourning	E	indignación	Indignation, outrage	E	precariedad	Precarity	E	desarraigo	Rootlessness, uprooting	F	trauma	Trauma	E	soledad	Loneliness, solitude	E	depresión	Depression	F	ansiedad	Anxiety	E	impotencia	Powerlessness	F	culpa	Guilt, blame	E	sin dolor	without pain	F	15	0	8	7
GIN	Guinea	REVIEW	fr	French	français	Latn	Pular (fuf); Maninka (emk); Susu (sus)	French official; no single dominant national language.	douleur physique	physical pain	F	douleur émotionnelle	emotional pain	F	éco-anxiété	eco-anxiety	E	incertitude	uncertainty	F	deuil	bereavement / mourning / grief	E	indignation	indignation / moral outrage	E	précarité	precarity / insecurity	E	déracinement	uprooting	F	traumatisme	trauma	E	solitude	loneliness	E	dépression	depression	F	angoisse	anguish / fear / anxiety	E	sentiment d'impuissance	feeling of helplessness	F	honte	shame	E	absence de détresse	absence of distress	E	15	0	6	9
GNB	Guinea-Bissau	OPEN	pov	Guinea-Bissau Creole		Latn	Portuguese (pt)	Creole is the lingua franca; Portuguese is official but minority-spoken. CLDR trap: bare `pov` does not resolve to Latin script, so downstream tags must be written `pov-Latn` explicitly.	dur	pain, ache; hardship	E	tristesa	sadness	E		Eco-anxiety	X	insertesa	uncertainty	E	don	mourning, grief; pity	E	raiba	rage, anger	E	pobresa	poverty	E	fuga	flight; escape	F	choki	emotional shock	F	solidon	loneliness; solitude	F	disisperu	despair; affliction	E	medu	fear	E	disisperu	despair; desperation; affliction	E	burgunhu	shame, embarrassment	E	i ka ten dur	there is no ache/pain	F	14	1	4	10
GUY	Guyana	SETTLED	en	English		Latn	Guyanese Creole (gyn)		Pain	Pain	F	Hurt	Hurt	E	Eco-anxiety	Eco-anxiety	E	Uncertainty	Uncertainty	F	Grief	Grief	E	Anger	Anger	E	Hardship	Hardship	E	Displacement	Displacement	E	Trauma	Trauma	E	Loneliness	Loneliness	E	Depression	Depression	E	Fear	Fear	E	Helplessness	Helplessness	F	Shame	Shame	E	No pain	No pain	F	15	0	4	11
HTI	Haiti	OPEN	ht	Haitian Creole		Latn	French (fr)	Creole is universal; French is the prestige/written language. Both official.	doulè	Physical pain	F	tristès	Sadness	E		NO TERM FOUND	X	enstabilite	Instability	E	chagren	Grief	E	endiyasyon	Indignation	E	mizè	Hardship	E	deplasman	Displacement	E	sezisman	Shock	E	solitid	loneliness or solitude	F	depresyon	Depression	E	laperèz	Fear	E	dekourajman	Discouragement	E	lawont	Shame	E	san doulè	without pain	F	14	1	3	11
VAT	Holy See	OPEN	it	Italian	italiano	Latn	Latin (la)	Italian is the working language; Latin is the official language of the Holy See.	dolore fisico	physical pain	F	sofferenza emotiva	emotional suffering	F	ecoansia	eco-anxiety	E	incertezza	uncertainty	E	lutto	mourning; bereavement	E	indignazione	indignation	E	insicurezza economica	economic insecurity	E	esilio	exile	E	sovraccarico emotivo	emotional overload	E	solitudine	loneliness; solitude	E	depressione	depression	E	paura	fear	E	impotenza	powerlessness	E	vergogna	shame	E	senza sofferenza	without suffering	F	15	0	3	12
HND	Honduras	SETTLED	es	Spanish	español	Latn			dolor físico	Physical pain	F	dolor emocional	Emotional pain	F	ecoansiedad	eco-anxiety; chronic fear of environmental catastrophe	F	incertidumbre	Uncertainty	F	duelo	Grief, mourning	E	indignación	Indignation, outrage	E	precariedad	Precarity	E	desarraigo	Rootlessness, uprooting	F	trauma	Trauma	E	soledad	Loneliness, solitude	E	depresión	Depression	F	ansiedad	Anxiety	E	impotencia	Powerlessness	F	culpa	Guilt, blame	E	sin dolor	without pain	F	15	0	8	7
HUN	Hungary	SETTLED	hu	Hungarian	magyar	Latn			testi fájdalom	pain	F	fájdalom	pain; grief; sorrow	E	klímaszorongás	climate anxiety	E	bizonytalanság	uncertainty	E	gyász	mourning	E	harag	anger	E	nélkülözés	deprivation	E	száműzetés	exile / banishment	E	trauma	trauma	E	magány	loneliness / solitude	E	depresszió	depression	F	félelem	fear	E	tehetetlenség	helplessness / powerlessness	E	szégyen	shame	E	nincs fájdalom	there is no pain	F	15	0	3	12
ISL	Iceland	SETTLED	is	Icelandic	íslenska	Latn			verkur	pain; ache	F	vanlíðan	distress; malaise; discomfort	E	loftslagskvíði	climate anxiety	F	óvissa	uncertainty	F	sorg	grief; sorrow	E	reiði	anger; wrath	E	bágindi	hardship; distress	E	útlegð	exile; banishment	E	andlegt áfall	psychological shock; trauma	F	einmanaleiki	loneliness	F	þunglyndi	depression	F	ótti	fear; dread	E	vanmáttur	powerlessness; weakness	E	skömm	shame; disgrace	E	enginn verkur	no pain	F	15	0	7	8
IND	India	OPEN	hi	Hindi	हिन्दी	Deva	English (en); Bengali (bn); Telugu (te); Marathi (mr); Tamil (ta) and 17 more scheduled	No national language. Hindi is the largest but far from universal, and contested in the south.	शारीरिक दर्द	physical pain	F	दुख	sorrow; suffering; grief	E	जलवायु चिंता	climate worry	F	अनिश्चितता	uncertainty	F	शोक	grief; mourning; sorrow	E	आक्रोश	outrage; indignation; anger	E	तंगी	scarcity; financial straits	F	विस्थापन	displacement	E	सदमा	shock; trauma	E	अकेलापन	loneliness; aloneness	E	अवसाद	dejection; depression	E	डर	fear; fright; dread	E	लाचारी	helplessness; powerlessness	F	शर्म	shame; embarrassment; modesty	E	दर्द नहीं	no pain	F	15	0	6	9
IDN	Indonesia	SETTLED	id	Indonesian	bahasa Indonesia	Latn	Javanese (jv)	Javanese has more L1 speakers; Indonesian is the universal national language.	nyeri	pain; ache; bodily suffering or unpleasant sensation	E	kesedihan	sadness; sorrow; grief; melancholy; anguish	E	kecemasan iklim	climate anxiety	F	ketidakpastian	uncertainty; lack of certainty; unpredictability	E	kedukaan	mourning; bereavement; grief	E	kemarahan	anger; wrath; state of being angry	E	kesusahan	hardship; trouble; difficulty; distress	E	pengungsian	evacuation; displacement/refuge process; refuge or evacuation setting in context	E	trauma	trauma; physical or psychological injury/shock	E	kesepian	loneliness; solitude; state of being alone	E	depresi	depression; depressive state; also non-mental depression in some domains	E	ketakutan	fear; fright; state of being afraid	E	ketidakberdayaan	helplessness; powerlessness; lack of ability or agency	E	penyesalan	regret; remorse	E	tidak nyeri	no pain	F	15	0	2	13
IRN	Iran	SETTLED	fa	Persian	فارسی	Arab	Azerbaijani (az); Kurdish (ku)		درد	pain	E	درد روحی	emotional pain	F	اضطراب اقلیمی	climate anxiety	E	بی‌ثباتی	instability	E	سوگ	mourning	E	خشم	anger	E	تنگدستی	poverty / indigence	E	آوارگی	displacement / homelessness / wandering	E	تروما	trauma	E	تنهایی	loneliness; solitude; privacy	E	افسردگی	depression	E	ترس	fear	E	درماندگی	helplessness / desperation	E	شرم	shame	E	بدون درد	without pain	F	15	0	2	13
IRQ	Iraq	REVIEW	ar	Arabic	العربية	Arab	Kurdish (ku)	Kurdish is co-official and regionally dominant. Variety: Mesopotamian Arabic (acm).	وجع	Pain / ache	F	ضيق	Distress / inner tightness	E	القلق المناخي	climate anxiety, definite form	F	عدم اليقين	uncertainty; lack of certainty	F	حزن	Grief / sorrow	E	غضب	Anger	E	عوز	Want / destitution	E	نزوح	Displacement	E	صدمة	Shock / trauma	E	وحشة	Loneliness / forlornness	E	اكتئاب	Depression	F	خوف وقلق	Fear and anxiety	E	عجز	Inability / powerlessness	E	شعور بالذنب	Feeling of guilt	E	بلا ألم	without pain	F	15	0	5	10
IRL	Ireland	SETTLED	en	English		Latn	Irish (ga)	English is L1 for roughly 99%; daily Irish speakers are roughly 2%. Irish is constitutionally the first official language but there is no realistic contest in practice.	Pain	Pain	F	Hurt	Hurt	E	Eco-anxiety	Eco-anxiety	E	Uncertainty	Uncertainty	F	Grief	Grief	E	Anger	Anger	E	Hardship	Hardship	E	Displacement	Displacement	E	Trauma	Trauma	E	Loneliness	Loneliness	E	Depression	Depression	E	Fear	Fear	E	Helplessness	Helplessness	F	Shame	Shame	E	No pain	No pain	F	15	0	4	11
ISR	Israel	REVIEW	he	Hebrew	עברית	Hebr	Arabic (ar)	Arab citizens are roughly 21% of the population and Arabic was moved from co-official to special status in 2018. Most are Hebrew-bilingual, which cuts the other way.	כאב גופני	physical pain; bodily pain	C	כאב נפשי	emotional pain; psychological pain; inner suffering	C	חרדת אקלים	climate anxiety; climate-related fear/anxiety	E	אי ודאות	uncertainty; lack of certainty	E	אבל	mourning; grief; bereavement	E	כעס	anger; wrath; being angry	E	מחסור	shortage; lack; scarcity; deprivation	E	עקירה	uprooting; removal; extraction; displacement in human/place contexts	E	טראומה	trauma; physical or psychological injury/shock	E	בדידות	loneliness; solitude; aloneness	E	דיכאון	depression; depressive state; also depression in non-mental domains	E	פחד	fear; dread; fright	E	חוסר אונים	helplessness; powerlessness; lack of capacity; also impotence in some contexts	E	בושה	shame; embarrassment; discomfort from exposure or fault	E	ללא כאב	without pain	F	15	0	1	12
ITA	Italy	SETTLED	it	Italian	italiano	Latn			dolore fisico	physical pain	F	sofferenza emotiva	emotional suffering	F	ecoansia	eco-anxiety	E	incertezza	uncertainty	E	lutto	mourning; bereavement	E	indignazione	indignation	E	insicurezza economica	economic insecurity	E	esilio	exile	E	sovraccarico emotivo	emotional overload	E	solitudine	loneliness; solitude	E	depressione	depression	E	paura	fear	E	impotenza	powerlessness	E	vergogna	shame	E	senza sofferenza	without suffering	F	15	0	3	12
JAM	Jamaica	REVIEW	en	English		Latn	Jamaican Patois (jam)	English is official; Patois is the universal spoken vernacular.	Pain	Pain	F	Hurt	Hurt	E	Eco-anxiety	Eco-anxiety	E	Uncertainty	Uncertainty	F	Grief	Grief	E	Anger	Anger	E	Hardship	Hardship	E	Displacement	Displacement	E	Trauma	Trauma	E	Loneliness	Loneliness	E	Depression	Depression	E	Fear	Fear	E	Helplessness	Helplessness	F	Shame	Shame	E	No pain	No pain	F	15	0	4	11
JPN	Japan	SETTLED	ja	Japanese	日本語	Jpan			体の痛み	bodily pain	C	心の痛み	emotional pain; inner hurt	F	気候不安	climate anxiety	E	不安	anxiety; uneasiness	E	喪失感	sense of loss; feeling of loss	E	憤り	indignation; resentment; anger	E	生活苦	hardship in living; livelihood hardship	E	離郷	departure from one’s hometown	E	トラウマ	psychological trauma	E	孤独感	feelings of loneliness; sense of isolation	E	うつ病	depression	F	不安や恐怖	anxiety/worry and fear	C	無力感	sense of helplessness	F	自責	self-condemnation; self-reproach	E	苦痛なし	no distress; no pain/suffering	C	15	0	3	9
JOR	Jordan	SETTLED	ar	Arabic	العربية	Arab		Variety: Levantine Arabic (apc) vs MSA.	وجع	Pain / ache	F	ضيق	Distress / inner tightness	E	القلق المناخي	climate anxiety, definite form	F	عدم اليقين	uncertainty; lack of certainty	F	حزن	Grief / sorrow	E	غضب	Anger	E	عوز	Want / destitution	E	نزوح	Displacement	E	صدمة	Shock / trauma	E	وحشة	Loneliness / forlornness	E	اكتئاب	Depression	F	خوف وقلق	Fear and anxiety	E	عجز	Inability / powerlessness	E	شعور بالذنب	Feeling of guilt	E	بلا ألم	without pain	F	15	0	5	10
KAZ	Kazakhstan	OPEN	kk	Kazakh	қазақ тілі	Cyrl	Russian (ru)	Both widely used; Russian remains dominant in urban public life.	ауру	pain; illness	E	жан азабы	mental anguish; torment of the soul	F		NO TERM FOUND	X	белгісіздік	uncertainty; ambiguity; unknownness	F	қайғы	grief, sorrow; suffering	E	ыза	anger, resentment, indignation	E	жоқшылық	poverty; destitution; privation	E	жер аудару	exile; deportation; banishment	E	психологиялық жарақат	psychological trauma; psychological injury	F	жалғыздық	loneliness; solitude; singleness	E	депрессия	depression; depressive disorder or state	F	үрей	fear; panic; terror	E	дәрменсіздік	weakness; powerlessness; impotence; incapacity	E	кінә	fault; guilt	E	ауырсынусыз	painless, patient sense	F	14	1	5	9
KEN	Kenya	REVIEW	sw	Swahili	Kiswahili	Latn	English (en); Gikuyu (ki)	Swahili and English both official; Swahili is the national lingua franca.	maumivu	Pain	E	huzuni	Hurt	E	wasiwasi wa hali ya hewa	climate/weather anxiety or worry	E	shaka	Uncertainty	E	majonzi	grief; sorrow	E	hasira	Anger	E	dhiki	Hardship	E	uhamisho	Displacement	E	kiwewe	Trauma	E	upweke	loneliness; solitude	E	mfadhaiko	Depression	F	hofu	Fear	E	kutokuwa na uwezo	inability/powerlessness	E	aibu	Shame	E	bila mateso	without suffering	F	15	0	2	13
KIR	Kiribati	SETTLED	gil	Gilbertese		Latn	English (en)		maraki	pain, suffering, sickness, grief	E	raraoma	worry; anxiety; anguish; regret; repentance; remorse	E		Eco-anxiety	X	mwebuaka	uncomfortable; insecure; ill at ease	E	nanokawaki	sadness, affliction, sorrow, grief	E	bononano	Anger	E	buanta	loss, damage, grief, regret	E	kanakoa	make go; send away	F	kurere	horrified; overwhelmed with fear	F	maroa	loneliness; lonesomeness	F		Depression	X	maku	fear; dread; terror; fright; dismay	E	aki kona	powerlessness; impossibility	F	mama	shame, timidity, shyness, bashfulness	E	Akea te maraki	there is no pain	F	13	2	5	8
KWT	Kuwait	REVIEW	ar	Arabic	العربية	Arab	English (en)	Non-citizens are roughly 68% of the population. Weaker than the UAE and Qatar cases. Variety: Gulf Arabic vs MSA.	وجع	Pain / ache	F	ضيق	Distress / inner tightness	E	القلق المناخي	climate anxiety, definite form	F	عدم اليقين	uncertainty; lack of certainty	F	حزن	Grief / sorrow	E	غضب	Anger	E	عوز	Want / destitution	E	نزوح	Displacement	E	صدمة	Shock / trauma	E	وحشة	Loneliness / forlornness	E	اكتئاب	Depression	F	خوف وقلق	Fear and anxiety	E	عجز	Inability / powerlessness	E	شعور بالذنب	Feeling of guilt	E	بلا ألم	without pain	F	15	0	5	10
KGZ	Kyrgyzstan	REVIEW	ky	Kyrgyz	кыргызча	Cyrl	Russian (ru)	Russian is co-official and dominant in urban use.	оору	ache; pain; illness	E	кайгы	gloom; grief; sorrow	E	Экологиялык тынчсыздануу	ecological anxiety	F	белгисиздик	uncertainty; unknownness	E	кайгы	gloom; grief	E	ачуу	anger	E	жокчулук	hardship; poverty; lack of means	E	сүргүн	exile	E	травма	trauma; injury	E	жалгыздык	solitude; being alone	E	депрессия	depression	E	коркуу	fear; fright	E	алсыздык	weakness; feebleness	E	уят	shame; conscience	E	оору жок	there is no pain	F	15	0	2	13
LAO	Laos	SETTLED	lo	Lao	ລາວ	Laoo			ຄວາມເຈັບປວດ	pain; suffering	E	ຄວາມເສົ້າ	sadness	E		: 	X	ຄວາມບໍ່ແນ່ນອນ	uncertainty; lack of certainty	E	ຄວາມໂສກເສົ້າ	grief; sorrow; sadness	E	ຄວາມໂກດ	anger	E	ຄວາມລຳບາກ	hardship; difficulty	E	ການເນລະເທດ	deportation; expulsion; exile	F	ບາດແຜທາງໃຈ	emotional wound; trauma	F	ຄວາມໂດດດ່ຽວ	isolation; loneliness	E	ຊຶມເສົ້າ	depressed; depression	E	ຄວາມຢ້ານ	fear	E	ຄວາມອ່ອນແອ	weakness	E	ຄວາມອັບອາຍ	shame; embarrassment	E	ບໍ່ເຈັບ	does not hurt	F	14	1	3	11
LVA	Latvia	REVIEW	lv	Latvian	latviešu	Latn	Russian (ru)	Large Russian-speaking minority; Latvian is the sole official language.	fiziskas sāpes	physical pain	C	skumjas	sadness, sorrow	E	ekotrauksme	eco-anxiety; environmental anxiety	E	nenoteiktība	uncertainty, indeterminacy	F	sēras	mourning, grief	E	dusmas	anger, rage	E	trūkums	lack / shortage	E	trimda	exile	E	psiholoģiska trauma	psychological trauma	C	vientulība	loneliness / solitude	E	depresija	depression	F	bailes	fear, fright	E	bezpalīdzība	helplessness	F	kauns	shame, disgrace	E	bez sāpēm	without pain	F	15	0	4	9
LBN	Lebanon	SETTLED	ar	Arabic	العربية	Arab	French (fr); English (en)	Variety: Levantine Arabic (apc). French and English widely used.	وجع	Pain / ache	F	ضيق	Distress / inner tightness	E	القلق المناخي	climate anxiety, definite form	F	عدم اليقين	uncertainty; lack of certainty	F	حزن	Grief / sorrow	E	غضب	Anger	E	عوز	Want / destitution	E	نزوح	Displacement	E	صدمة	Shock / trauma	E	وحشة	Loneliness / forlornness	E	اكتئاب	Depression	F	خوف وقلق	Fear and anxiety	E	عجز	Inability / powerlessness	E	شعور بالذنب	Feeling of guilt	E	بلا ألم	without pain	F	15	0	5	10
LSO	Lesotho	SETTLED	st	Sesotho	Sesotho	Latn	English (en)		bohloko	pain; hurt; soreness; sorrow	E	bohloko	Hurt	E		NO TERM FOUND	X	qeaqeo	uncertainty	F	maswabi	grief	F	khalefo	anger; rage	E	bofutsana	poverty; indigence	E	teleko	expulsion; expatriation	F	nyaroso	shock; fright	F	bodutu	loneliness; boredom-like lack of company or pleasure	E	tetebelo	depression; heaviness	F	tšabo	fear; fright	E	tshito	inability; incapacity	F	molato	debt; fault	E	se nang bohloko	having no pain	F	14	1	7	7
LBR	Liberia	SETTLED	en	English		Latn	Liberian Kreyol (lir)		Pain	Pain	F	Hurt	Hurt	E	Eco-anxiety	Eco-anxiety	E	Uncertainty	Uncertainty	F	Grief	Grief	E	Anger	Anger	E	Hardship	Hardship	E	Displacement	Displacement	E	Trauma	Trauma	E	Loneliness	Loneliness	E	Depression	Depression	E	Fear	Fear	E	Helplessness	Helplessness	F	Shame	Shame	E	No pain	No pain	F	15	0	4	11
LBY	Libya	SETTLED	ar	Arabic	العربية	Arab		Variety: Libyan Arabic (ayl) vs MSA.	وجع	Pain / ache	F	ضيق	Distress / inner tightness	E	القلق المناخي	climate anxiety, definite form	F	عدم اليقين	uncertainty; lack of certainty	F	حزن	Grief / sorrow	E	غضب	Anger	E	عوز	Want / destitution	E	نزوح	Displacement	E	صدمة	Shock / trauma	E	وحشة	Loneliness / forlornness	E	اكتئاب	Depression	F	خوف وقلق	Fear and anxiety	E	عجز	Inability / powerlessness	E	شعور بالذنب	Feeling of guilt	E	بلا ألم	without pain	F	15	0	5	10
LIE	Liechtenstein	SETTLED	de	German	Deutsch	Latn			körperlicher Schmerz	physical pain	F	seelischer Schmerz	emotional/psychological pain	F	Klimaangst	climate fear/anxiety	E	Ungewissheit	uncertainty	E	Trauer	grief; mourning; sorrow	E	Empörung	indignation; outrage	E	Existenzsorge	worry about one’s livelihood/existence	E	Entwurzelung	uprooting; rootlessness	E	Überforderung	being overwhelmed; excessive demand	E	Einsamkeit	loneliness; solitude	E	Depression	depression	E	Angst	fear/anxiety	E	Hilflosigkeit	helplessness	F	Scham	shame	E	ohne Leid	without suffering/distress	F	15	0	4	11
LTU	Lithuania	SETTLED	lt	Lithuanian	lietuvių	Latn			kūno skausmas	bodily pain	F	neaiškus emocinis skausmas	unclear emotional pain	C	baimė, nerimas ir panika dėl klimato kaitos	fear, anxiety and panic about climate change	C	neapibrėžtumas	uncertainty	E	sielvartas dėl netekties	grief over loss	F	pyktis dėl skriaudos ar išdavystės	anger at a wrong or betrayal	C	materialiniai nuostoliai	material losses	E	priverstinis persikėlimas ir tremtis	forced displacement and exile	C	trauma ir emocinis sukrėtimas	trauma and emotional shock	C	vienišumas	loneliness	E	depresija	depression; decline/downturn	E	baimė	fear	E	bejėgiškumas	helplessness	F	gėda	shame	E	be skausmo ar kančios	without pain or suffering	C	15	0	3	6
LUX	Luxembourg	OPEN	lb	Luxembourgish	Lëtzebuergesch	Latn	French (fr); German (de)	Three administrative languages; French dominates written public life.	Péng	physical pain	F	Trauregkeet	sadness	E	Klimaangscht	climate fear / climate anxiety	E	Onsécherheet	uncertainty / instability	F	Trauer	grief / mourning	F	Roserei	anger / fury	E	finanziell Onsécherheet	financial insecurity	E	Exil	exile	E	Iwwerfuerderung	overwhelm / overload	F	Einsamkeet	loneliness	F	Depressioun	depression	F	Angscht	fear	E	Hëlleflosegkeet	helplessness; inability to act or cope without aid	P	Scholdgefill	guilt / feeling of guilt	E	alles an der Rei	everything is all right / fine	F	15	0	7	7
MDG	Madagascar	SETTLED	mg	Malagasy		Latn	French (fr)	Malagasy is near-universal L1.	fanaintainana	pain; ache; suffering	E	alahelo	sadness; sorrow; grief	E		NO TERM FOUND	X	fisalasalana	doubt; hesitation; uncertainty	E	fisaonana	mourning; bereavement	E	hatezerana	anger; displeasure; irritation	E	fahoriana	trouble; calamity; distress; suffering; misfortune	E	sesitany	exile; banishment	F	ratran-tsaina	psychological trauma; mental wound	F	fanirery	loneliness; solitude; aloneness	E	fahaketrahana	depression; dejection; low spirits	E	tahotra	fear; fright; alarm; apprehension; dread; terror	E	tsy afa-manoatra	helpless; unable to act	F	nenina	regret; bitter reflection; grief; repentance; remorse	E	tsy marary	does not hurt	F	14	1	4	10
MWI	Malawi	REVIEW	ny	Chichewa		Latn	English (en)	Chichewa is the national language and lingua franca.	ululu	pain; ache; suffering	E	chisoni	sadness; sorrow; pity	E		NO TERM FOUND	X	kusatsimikiza	uncertainty; not being certain	E	chisoni	sadness; sorrow; grief; unhappiness; pity	E	mkwiyo	anger; wrath	E	umphawi	poverty; destitution	E	kusamuka	moving; migration; moving away	E	kuwawidwa m’amaganizo	mental or emotional suffering	F	kusungulumwa	loneliness; being lonely	F	matenda a nkhawa	anxiety illness	F	mantha	fear; fright; terror; dread; apprehension	E	kusimidwa	having no choice	F	manyazi	shame; embarrassment; modesty	E	popanda ululu	without pain	C	14	1	4	9
MYS	Malaysia	SETTLED	ms	Malay	bahasa Malaysia	Latn			sakit badan	bodily pain/ache	F	penderitaan emosi	emotional suffering	F	kebimbangan iklim	climate worry/anxiety	E	ketidakpastian	uncertainty	E	perkabungan	mourning; bereavement	E	kemarahan kerana ketidakadilan	anger because of injustice	E	kebimbangan kewangan	financial worry/anxiety	E	perpindahan paksa	forced migration/relocation	E	beban emosi	emotional burden	E	kesunyian	loneliness; solitude/quietness	E	kemurungan	depression; gloom	E	ketakutan	fear	E	rasa tidak berdaya	feeling powerless	E	malu	shame/embarrassment	E	tanpa penderitaan	without suffering	F	15	0	3	12
MDV	Maldives	SETTLED	dv	Dhivehi		Thaa			ތަދު	pain; ache	E	ވޭން	Hurt	E		NO TERM FOUND	X	ދެބަޖެހުން	doubt, uncertainty	F	ހިތާމަ	sorrow; affliction; trouble	E	ރުޅި	anger; wrath; temper	E	ތަދުމަޑުޙާލު	food hardship	F	އަރުވާލުން	banishment, exile	F	ސަދުމާ	trauma	F	އެކަނިވެރިކަން	loneliness	F	ނާއުއްމީދު	despair, hopelessness	F	ބިރު	fear	E	ބާރުނެތްކަން	powerlessness	F	ލަދު	shame; modesty; bashfulness	E	ތަދެއް ނުހުންނާނެ	there will be no pain / there is no pain	F	14	1	8	6
MLI	Mali	REVIEW	bm	Bambara	bamanakan	Latn	French (fr)	The 2023 constitution makes the national languages official and demotes French to a working language. Bambara is spoken by about 80% as L1 or L2.	fari dimi	bodily pain, body ache	F	nisɔngoya	Hurt	E		Eco-anxiety	X	siga	Uncertainty	E	sànga	Grief	E	dimi	anger	F	sɛ̀gɛn	Hardship	E	gɛnni	expulsion; forced removal	F	háwuja	deeply shaken; overwhelmed	F	kèlennamɔgɔ	friendless; lonely	F	dusukasi	crying-heart distress; local depression/anxiety syndrome	E	siran	fear, being afraid, fright	E	dɛsɛ	failure; incapacity; lack	E	malo	shame; be ashamed	E	dimi tɛ	there is no pain	F	14	1	6	8
MLT	Malta	OPEN	mt	Maltese	Malti	Latn	English (en)	Both official; English dominates written and professional life.	uġigħ	pain; ache	F	dwejjaq	sadness; distress	E	ansjetà klimatika	climate anxiety	E	inċertezza	uncertainty	F	niket	sorrow; sadness; grief	E	korla	rage; wrath	E	tbatija	Hardship	E	eżilju	Displacement	E	trawma	trauma; physical or psychological injury	E	solitudni	solitude; loneliness	E	depressjoni	depression	F	biża’	fear; fright; scare; apprehension	E	bla setgħa	powerless; without power	F	mistħija	shyness; bashfulness; shame; embarrassment	E	mingħajr uġigħ	without pain	F	15	0	5	10
MHL	Marshall Islands	SETTLED	mh	Marshallese		Latn	English (en)		metak	pain; ache	F	liaajlọḷ	emotional distress	F		NO TERM FOUND	X	bōbōroro	indecision	F	būroṃōj	sad; sorrowful; grieving; mourning; melancholy	E	illu	anger; angry; ill-tempered	E	jorrāān	serious problem; trouble; painful difficult situation	E	kalia	banishment, dispossession	F	lañṃwijidjid	overwhelmed	F	make	alone	E	bōbweer	despair, lose hope	F	mijak	fear; fright; dread; horror	E	tabu	helpless position	F	jook	ashamed; bashful; shy; embarrassment	E	ejjeḷok metak	no pain	E	14	1	7	7
MRT	Mauritania	REVIEW	ar	Arabic	العربية	Arab	Pulaar (fuc); Soninke (snk); Wolof (wo)	Variety: Hassaniya Arabic (mey). The constitution names four national languages: Arabic, Poular, Soninke and Wolof.	وجع	Pain / ache	F	ضيق	Distress / inner tightness	E	القلق المناخي	climate anxiety, definite form	F	عدم اليقين	uncertainty; lack of certainty	F	حزن	Grief / sorrow	E	غضب	Anger	E	عوز	Want / destitution	E	نزوح	Displacement	E	صدمة	Shock / trauma	E	وحشة	Loneliness / forlornness	E	اكتئاب	Depression	F	خوف وقلق	Fear and anxiety	E	عجز	Inability / powerlessness	E	شعور بالذنب	Feeling of guilt	E	بلا ألم	without pain	F	15	0	5	10
MUS	Mauritius	OPEN	mfe	Mauritian Creole	kreol morisien	Latn	French (fr); English (en)	Creole is near-universal L1; English is official; French dominates media.	bubu	hurt; sore; pain; also weakness or failing	E	duk	distress	E		NO TERM FOUND	X	flotman	uncertainty	F	dey	mourning; grief	F	lakoler	anger; fury	E	anbara	financial problem; embarrassment	E	deplasman	trip; travel; travelling expense	E	sok	shock	E	alyenasyon	alienation; estrangement	E	dezespwar	despair	F	lafreyer	fear	F	inpotans	impotence; powerlessness	E	laont	shame; disgrace	E	pena lapenn	there is no pain/suffering	F	14	1	5	9
MEX	Mexico	SETTLED	es	Spanish	español	Latn		Variety: Mexican Spanish.	dolor físico	Physical pain	F	dolor emocional	Emotional pain	F	ecoansiedad	eco-anxiety; chronic fear of environmental catastrophe	F	incertidumbre	Uncertainty	F	duelo	Grief, mourning	E	indignación	Indignation, outrage	E	precariedad	Precarity	E	desarraigo	Rootlessness, uprooting	F	trauma	Trauma	E	soledad	Loneliness, solitude	E	depresión	Depression	F	ansiedad	Anxiety	E	impotencia	Powerlessness	F	culpa	Guilt, blame	E	sin dolor	without pain	F	15	0	8	7
FSM	Micronesia	OPEN	en	English		Latn	Chuukese (chk); Pohnpeian (pon)	English is the sole official and common language. No vernacular reaches a majority; the largest, Chuukese, is about 49%.	Pain	Pain	F	Hurt	Hurt	E	Eco-anxiety	Eco-anxiety	E	Uncertainty	Uncertainty	F	Grief	Grief	E	Anger	Anger	E	Hardship	Hardship	E	Displacement	Displacement	E	Trauma	Trauma	E	Loneliness	Loneliness	E	Depression	Depression	E	Fear	Fear	E	Helplessness	Helplessness	F	Shame	Shame	E	No pain	No pain	F	15	0	4	11
MDA	Moldova	OPEN	ro	Romanian	română	Latn	Russian (ru)	Romanian is official; Russian remains widely used.	durere fizică	physical pain	F	suferință emoțională	emotional suffering	F	anxietate climatică	climate anxiety	E	incertitudine	uncertainty	E	doliu	mourning; bereavement	E	indignare	indignation	E	griji financiare	financial worries	E	exil	exile	E	copleșire	overpowering; overwhelming	E	singurătate	loneliness; solitude	E	depresie	depression	E	frică	fear	E	neputință	helplessness/powerlessness	E	rușine	shame	E	fără suferință	without suffering	F	15	0	3	12
MCO	Monaco	SETTLED	fr	French	français	Latn			douleur physique	physical pain	F	douleur émotionnelle	emotional pain	F	éco-anxiété	eco-anxiety	E	incertitude	uncertainty	F	deuil	bereavement / mourning / grief	E	indignation	indignation / moral outrage	E	précarité	precarity / insecurity	E	déracinement	uprooting	F	traumatisme	trauma	E	solitude	loneliness	E	dépression	depression	F	angoisse	anguish / fear / anxiety	E	sentiment d'impuissance	feeling of helplessness	F	honte	shame	E	absence de détresse	absence of distress	E	15	0	6	9
MNG	Mongolia	SETTLED	mn	Mongolian	монгол	Cyrl			өвдөлт	pain; ache	F	шаналал	suffering; anguish	E	уур амьсгалын түгшүүр	climate anxiety	F	тодорхойгүй байдал	uncertainty; indefiniteness	F	уй гашуу	grief; sorrow	E	уур	anger	E	гачигдал	want; deprivation; shortage	F	дүрвэлт	flight; refuge; displacement	E	цочрол	shock	E	ганцаардал	loneliness	F	сэтгэл гутрал	depression	F	айдас	fear	E	хүчгүйдэл	powerlessness; weakness	E	ичгүүр	shame; disgrace	E	Өвдөлт байхгүй	no pain	F	15	0	7	8
MNE	Montenegro	OPEN	cnr	Montenegrin		Latn	Serbian (sr)	Montenegrin is official; a plurality self-report Serbian. CLDR trap: bare `cnr` does not resolve to Latin script, so downstream tags must be written `cnr-Latn` explicitly.	bol	pain, aching	E	patnja	suffering, agony	E	klimatska anksioznost	climate anxiety	E	neizvjesnost	uncertainty	E	žalovanje	mourning, bereavement	E	ljutnja	anger	E	oskudica	dearth, scarcity; poverty, indigence	E	progonstvo	exile	E	trauma	trauma; injury, harm	E	usamljenost	loneliness	E	depresija	depression	F	strah	fear, dread	E	bespomoćnost	helplessness	F	stid	shame	E	bez bola	without pain	F	15	0	3	12
MAR	Morocco	REVIEW	ar	Arabic	العربية	Arab	Tamazight (zgh); French (fr)	Variety: Moroccan Darija (ary). Tamazight co-official since 2011.	وجع	Pain / ache	F	ضيق	Distress / inner tightness	E	القلق المناخي	climate anxiety, definite form	F	عدم اليقين	uncertainty; lack of certainty	F	حزن	Grief / sorrow	E	غضب	Anger	E	عوز	Want / destitution	E	نزوح	Displacement	E	صدمة	Shock / trauma	E	وحشة	Loneliness / forlornness	E	اكتئاب	Depression	F	خوف وقلق	Fear and anxiety	E	عجز	Inability / powerlessness	E	شعور بالذنب	Feeling of guilt	E	بلا ألم	without pain	F	15	0	5	10
MOZ	Mozambique	REVIEW	pt	Portuguese	português	Latn	Makhuwa (vmw); Changana (tso)	Portuguese reach and ownership diverge sharply (INE, IV RGPH 2017): 58.1% of those aged 5+ can speak it, but only 16.5% learned it first and 16.9% speak it most at home, against Makhuwa at 25.9%. Portuguese wins on reach; Makhuwa wins as a first language.	dor física	physical pain	F	sofrimento emocional	emotional suffering	F	ansiedade climática	climate anxiety	E	incerteza	uncertainty	E	luto	mourning; bereavement	E	indignação	indignation	E	insegurança material	material insecurity	E	exílio	exile	E	sobrecarga emocional	emotional overload	E	solidão	loneliness; solitude	E	depressão	depression	E	medo	fear	E	impotência	powerlessness	E	vergonha	shame	E	sem sofrimento	without suffering	F	15	0	3	12
MMR	Myanmar	SETTLED	my	Burmese	မြန်မာ	Mymr			ကိုယ်ခန္ဓာနာကျင်မှု	physical pain	F	ဝမ်းနည်းမှု	sadness; sorrow	E	ရာသီဥတုစိုးရိမ်မှု	climate worry	F	မသေချာမှု	uncertainty	C	ပူဆွေးမှု	grief; mourning	C	ဒေါသ	anger; rage	E	အခက်အခဲ	difficulty; hardship	E	နေရပ်စွန့်ခွာမှု	displacement; leaving one's home	F	စိတ်ဒဏ်ရာ	psychological trauma	F	အထီးကျန်မှု	loneliness; isolation	C	စိတ်ကျရောဂါ	depression	F	ကြောက်ရွံ့မှု	fear	E	အားမဲ့မှု	powerlessness; weakness	E	အရှက်	shame; embarrassment	E	နာကျင်မှုမရှိ	no pain	F	15	0	6	6
NAM	Namibia	REVIEW	en	English		Latn	Oshiwambo (kua); Afrikaans (af)	English is the sole official language but a small L1; Oshiwambo is the largest L1.	Pain	Pain	F	Hurt	Hurt	E	Eco-anxiety	Eco-anxiety	E	Uncertainty	Uncertainty	F	Grief	Grief	E	Anger	Anger	E	Hardship	Hardship	E	Displacement	Displacement	E	Trauma	Trauma	E	Loneliness	Loneliness	E	Depression	Depression	E	Fear	Fear	E	Helplessness	Helplessness	F	Shame	Shame	E	No pain	No pain	F	15	0	4	11
NRU	Nauru	SETTLED	na	Nauruan		Latn	English (en)		maga	pain	E	karaququò	misery	F		Eco-anxiety	X		Uncertainty	X	imwijiña	grief	F	damadam	anger; angry	F		Hardship	X		Displacement	X		Trauma	X		Loneliness	X		Depression	X	mio	fear; be afraid	F		Helplessness	X	maiũr	ashamed	F		No pain	X	6	9	5	1
NPL	Nepal	REVIEW	ne	Nepali	नेपाली	Deva	Maithili (mai); Bhojpuri (bho)	Nepali is L1 for only 44.86% (2021 census), a plurality not a majority, but is the sole official language and a real national lingua franca.	दुखाइ	pain; hurting	E	दुःख	sorrow; suffering; pain; misery	E	इको-एन्जाइटी	eco-anxiety	F	अनिश्चितता	uncertainty	E	शोक	grief; mourning	E	आक्रोश	outrage; anger; indignation	E	विपन्नता	poverty; destitution	E	विस्थापन	displacement; dislocation	E	आघात	blow; injury; shock; trauma	E	एक्लोपन	aloneness; loneliness	E	अवसाद	depression; dejection; gloom	E	डर	fear	E	लाचारी	helplessness; lack of options	E	लाज	shame; embarrassment; modesty	E	दुखाइ छैन	no pain	F	15	0	2	13
NLD	Netherlands	SETTLED	nl	Dutch	Nederlands	Latn			lichamelijke pijn	physical pain	F	emotionele pijn	emotional pain	F	klimaatangst	climate fear/anxiety	E	onzekerheid	uncertainty; insecurity	E	rouw	mourning; grief	E	verontwaardiging	indignation; outrage	E	financiële onzekerheid	financial insecurity	E	ballingschap	exile	E	overbelasting	overload	E	eenzaamheid	loneliness; solitude	E	depressie	depression	E	angst	fear/anxiety	E	machteloosheid	powerlessness	F	schaamte	shame	E	zonder lijden	without suffering	F	15	0	4	11
NZL	New Zealand	SETTLED	en	English		Latn	Māori (mi)	Māori is co-official.	Pain	Pain	F	Hurt	Hurt	E	Eco-anxiety	Eco-anxiety	E	Uncertainty	Uncertainty	F	Grief	Grief	E	Anger	Anger	E	Hardship	Hardship	E	Displacement	Displacement	E	Trauma	Trauma	E	Loneliness	Loneliness	E	Depression	Depression	E	Fear	Fear	E	Helplessness	Helplessness	F	Shame	Shame	E	No pain	No pain	F	15	0	4	11
NIC	Nicaragua	SETTLED	es	Spanish	español	Latn			dolor físico	Physical pain	F	dolor emocional	Emotional pain	F	ecoansiedad	eco-anxiety; chronic fear of environmental catastrophe	F	incertidumbre	Uncertainty	F	duelo	Grief, mourning	E	indignación	Indignation, outrage	E	precariedad	Precarity	E	desarraigo	Rootlessness, uprooting	F	trauma	Trauma	E	soledad	Loneliness, solitude	E	depresión	Depression	F	ansiedad	Anxiety	E	impotencia	Powerlessness	F	culpa	Guilt, blame	E	sin dolor	without pain	F	15	0	8	7
NER	Niger	REVIEW	ha	Hausa		Latn	French (fr); Zarma (dje)	The March 2025 Charte de la Refondation names Hausa as the sole national language and demotes French and English to working languages.	ciwo	injury; pain; ache; also disheartening/trouble	E	baƙin ciki	grief; sadness; pity; sorrow; unhappiness	E		: 	X	rashin tabbas	lack of certainty; uncertainty	E	baƙin ciki	grief; sadness; pity; sorrow; unhappiness	E	fushi	anger; rage; temper	E	wahala	hardship; suffering; difficulty	E	gudun hijira	refugee flight / refuge-seeking	F	tashin hankali	distress / trauma	F	kaɗaici	loneliness; solitude; aloneness	E	baƙin ciki	grief / sadness / sorrow	E	tsoro	fear; fright	E	maras iko	helpless / powerless	F	kunya	shame; embarrassment; shyness; modesty	E	babu ciwo	there is no pain	F	14	1	4	10
NGA	Nigeria	OPEN	en	English		Latn	Hausa (ha); Yoruba (yo); Igbo (ig); Nigerian Pidgin (pcm)	English is official; three large regional languages plus a very widespread pidgin.	Pain	Pain	F	Hurt	Hurt	E	Eco-anxiety	Eco-anxiety	E	Uncertainty	Uncertainty	F	Grief	Grief	E	Anger	Anger	E	Hardship	Hardship	E	Displacement	Displacement	E	Trauma	Trauma	E	Loneliness	Loneliness	E	Depression	Depression	E	Fear	Fear	E	Helplessness	Helplessness	F	Shame	Shame	E	No pain	No pain	F	15	0	4	11
PRK	North Korea	SETTLED	ko	Korean	한국어	Kore		Hanja was abolished from public writing in 1949 so terms will be Hangul only, but the script tag stays Kore (the Hangul+Han superset) for rendering safety and consistency with KOR. Variety: North Korean standard, distinct from South.	신체적 고통	physical/bodily pain	F	마음의 고통	pain of the heart/mind; emotional pain	F	기후 불안	climate anxiety/unease	E	불안	anxiety; uneasiness	E	애도	mourning; condolence	E	분노	anger; rage	E	생계 불안	livelihood insecurity/anxiety	E	강제 이주	forced migration/relocation	E	감당하기 어려움	difficulty coping/handling it	E	외로움	loneliness	E	우울증	depression; depressive disorder	E	두려움	fear	E	무력감	feeling of powerlessness/helplessness	F	수치심	shame	E	고통이 없음	absence of pain/suffering	F	15	0	4	11
MKD	North Macedonia	REVIEW	mk	Macedonian	македонски	Cyrl	Albanian (sq)	Albanian is co-official, ~25% of the population.	физичка болка	physical pain	F	тага	sadness; sorrow	E	климатска анксиозност	climate anxiety	F	неизвесност	uncertainty	F	жалост	grief; sorrow	E	гнев	anger; wrath	E	немаштија	poverty; destitution	E	раселување	displacement; resettlement	F	траума	trauma	E	осаменост	loneliness	F	депресија	depression	F	страв	fear	E	беспомошност	helplessness	F	срам	shame	E	без болка	no pain	F	15	0	8	7
NOR	Norway	SETTLED	nb	Norwegian Bokmål	norsk bokmål	Latn	Nynorsk (nn)		fysisk smerte	pain	F	smerte	pain, ache; mental or bodily pain	E	klimaangst	climate anxiety	F	usikkerhet	uncertainty; insecurity; lack of confidence/security	E	sorg	grief; sorrow; sadness; care/worry in some uses	E	harme	indignation; resentment; offended anger	E	avsavn	deprivation; privation; hardship from doing without	E	fordrivelse	expulsion; forced removal; displacement	E	traume	trauma; physical or psychological injury/shock	E	ensomhet	loneliness, solitude/isolatedness	E	depresjon	depression; depressive mental state; also economic depression	E	frykt	fear; dread; apprehension	E	avmakt	powerlessness; helplessness; inability/action paralysis	E	skam	shame; embarrassment; unpleasant feeling from guilt, fault or failure	E	smertefri	pain-free; painless	E	15	0	2	13
OMN	Oman	SETTLED	ar	Arabic	العربية	Arab		Variety: Gulf/Omani Arabic vs MSA.	وجع	Pain / ache	F	ضيق	Distress / inner tightness	E	القلق المناخي	climate anxiety, definite form	F	عدم اليقين	uncertainty; lack of certainty	F	حزن	Grief / sorrow	E	غضب	Anger	E	عوز	Want / destitution	E	نزوح	Displacement	E	صدمة	Shock / trauma	E	وحشة	Loneliness / forlornness	E	اكتئاب	Depression	F	خوف وقلق	Fear and anxiety	E	عجز	Inability / powerlessness	E	شعور بالذنب	Feeling of guilt	E	بلا ألم	without pain	F	15	0	5	10
PAK	Pakistan	OPEN	ur	Urdu	اردو	Arab	Punjabi (pa); English (en); Sindhi (sd); Pashto (ps); Saraiki (skr)	Urdu is the national language and lingua franca; Punjabi has the most L1 speakers; English is co-official.	درد	pain; ache; also sorrow/grief	E	اداسی	sadness; sorrow; melancholy	E	موسمیاتی بے چینی	climate anxiety	E	بے یقینی	uncertainty; unsureness	E	سوگ	mourning; grief	E	غصہ	anger	E	تنگ دستی	poverty; penury; want	E	بے گھری	homelessness	E	صدمہ	shock; trauma; also concussion/injury	E	تنہائی	loneliness; aloneness/solitude	E	ڈپریشن	depression	E	گھبراہٹ	unease/qualm; panic/anxiety	E	بے بسی	helplessness; powerlessness	F	شرمندگی	shame; embarrassment; abashment	E	کوئی تکلیف نہیں	no pain / no discomfort / no distress	F	15	0	2	13
PLW	Palau	SETTLED	pau	Palauan		Latn	English (en)		ringel	pain, ache, suffering, hardship	E	klengiterreng	sadness, sorrow, grief	E		Eco-anxiety	X	roachel	indecisive / changeable	F	klemengeung	mourning	E	klsiberreng	anger, resentment	E	chelebuul	hardship, difficulty, trouble	E	uldik	exiled / banished	F	chaserreng	shock / surprise	F	sabisi	lonely	E	chemireng	brokenheartedness / sadness / loneliness	F	dakt	fear, fright, alarm	E	telitur	inability / lack of ability	F	rur	shame, embarrassment; shyness	E	Ng diak a ringel	there is no pain	F	14	1	6	8
PAN	Panama	SETTLED	es	Spanish	español	Latn			dolor físico	Physical pain	F	dolor emocional	Emotional pain	F	ecoansiedad	eco-anxiety; chronic fear of environmental catastrophe	F	incertidumbre	Uncertainty	F	duelo	Grief, mourning	E	indignación	Indignation, outrage	E	precariedad	Precarity	E	desarraigo	Rootlessness, uprooting	F	trauma	Trauma	E	soledad	Loneliness, solitude	E	depresión	Depression	F	ansiedad	Anxiety	E	impotencia	Powerlessness	F	culpa	Guilt, blame	E	sin dolor	without pain	F	15	0	8	7
PNG	Papua New Guinea	OPEN	tpi	Tok Pisin		Latn	English (en); Hiri Motu (ho)	Four official languages since 2015, including PNG Sign Language. Over 800 local languages. Tok Pisin is the widest lingua franca.	pen	pain; hurt; suffering	E	sori	sorrow; pity; regret; being sorry	E		NO TERM FOUND	X	wari	worry	E	sori	sorrow; pity; regret; being sorry	E	kros	anger; crossness; being angry	E	hevi	burden; trouble; problem; difficulty; heaviness	E	rausim	force out; remove; evict	F	trama	trauma	F	wanpis	lonely or alone; orphan-like	F	bikpela sori	deep or great sorrow; depression	F	pret	afraid; frightened; fear	E	no inap	unable; cannot	F	sem	shame; embarrassment; being ashamed	E	I nogat pen	there is no pain	F	14	1	6	8
PRY	Paraguay	OPEN	gn	Guaraní	avañe’ẽ	Latn	Spanish (es)	Both official; Guaraní is spoken by a larger share of the population than Spanish.	tasy	pain, illness, disease, difficulty	E	jepy'apy	anguish, worry, concern, grief	E		NO TERM FOUND	X	py’amokõi	doubt / uncertainty	P	ñembyasy	grief; sorrow; sadness	E	pochy	anger, rage, fury	E	poriahu	poor; indigent; dispossessed	E	ñemosẽ	expulsion / exile	F	angapykuaa ñembyai	psychological trauma	F	techaga'u	desire to see; yearning	E	vy’a’ỹ	sadness / melancholy	F	kyhyje	fear, dread, terror, horror	E	pu’aka’ỹ	powerlessness / impotence	F	rotĩ	be embarrassed; be ashamed	E	tasy'ỹ	ease, facility; morphologically absence of pain or illness	E	14	1	4	9
PER	Peru	REVIEW	es	Spanish	español	Latn	Quechua (qu); Aymara (ay)	Quechua and Aymara are co-official where predominant.	dolor físico	Physical pain	F	dolor emocional	Emotional pain	F	ecoansiedad	eco-anxiety; chronic fear of environmental catastrophe	F	incertidumbre	Uncertainty	F	duelo	Grief, mourning	E	indignación	Indignation, outrage	E	precariedad	Precarity	E	desarraigo	Rootlessness, uprooting	F	trauma	Trauma	E	soledad	Loneliness, solitude	E	depresión	Depression	F	ansiedad	Anxiety	E	impotencia	Powerlessness	F	culpa	Guilt, blame	E	sin dolor	without pain	F	15	0	8	7
PHL	Philippines	OPEN	fil	Filipino		Latn	English (en); Cebuano (ceb)	Filipino and English both official; Cebuano has a comparable L1 base to Tagalog.	kirot	sharp/stinging bodily pain	E	lungkot	sadness; sorrow; grief; sometimes loneliness	E		NO TERM FOUND	X	kawalang-katiyakan	uncertainty; lack of certainty	F	dalamhati	grief; extreme sorrow; distress; affliction	E	galit	anger; ire; indignation; wrath; rancor	E	kahirapan	poverty; hardship; suffering	E	paglikas	evacuation; evacuating	E	trauma	trauma; physical or psychological injury/shock	E	galimgim	loneliness; melancholy from being alone	E	depresyon	depression	E	takot	fear; fright	E	kawalang-kapangyarihan	powerlessness; lack of power	F	hiya	shame; embarrassment; modesty/propriety	E	walang kirot	no pain	F	14	1	3	11
POL	Poland	SETTLED	pl	Polish	polski	Latn			ból fizyczny	physical pain	F	cierpienie emocjonalne	emotional suffering	F	lęk klimatyczny	climate fear/anxiety	E	niepewność	uncertainty; insecurity	E	żałoba	mourning; bereavement	E	oburzenie	indignation; outrage	E	obawy finansowe	financial worries	E	wygnanie	exile; banishment	E	przeciążenie emocjonalne	emotional overload	C	samotność	loneliness; solitude	E	depresja	depression	E	lęk	fear/anxiety	E	bezsilność	helplessness; powerlessness	F	wstyd	shame	E	bez cierpienia	without suffering	F	15	0	4	10
PRT	Portugal	SETTLED	pt	Portuguese	português	Latn		Variety: European Portuguese, distinct from Brazilian.	dor física	physical pain	F	sofrimento emocional	emotional suffering	F	ansiedade climática	climate anxiety	E	incerteza	uncertainty	E	luto	mourning; bereavement	E	indignação	indignation	E	insegurança material	material insecurity	E	exílio	exile	E	sobrecarga emocional	emotional overload	E	solidão	loneliness; solitude	E	depressão	depression	E	medo	fear	E	impotência	powerlessness	E	vergonha	shame	E	sem sofrimento	without suffering	F	15	0	3	12
QAT	Qatar	OPEN	ar	Arabic	العربية	Arab	English (en)	Citizens are roughly 10-11% of the population, an even more extreme expatriate majority than the UAE. Variety: Gulf Arabic vs MSA.	وجع	Pain / ache	F	ضيق	Distress / inner tightness	E	القلق المناخي	climate anxiety, definite form	F	عدم اليقين	uncertainty; lack of certainty	F	حزن	Grief / sorrow	E	غضب	Anger	E	عوز	Want / destitution	E	نزوح	Displacement	E	صدمة	Shock / trauma	E	وحشة	Loneliness / forlornness	E	اكتئاب	Depression	F	خوف وقلق	Fear and anxiety	E	عجز	Inability / powerlessness	E	شعور بالذنب	Feeling of guilt	E	بلا ألم	without pain	F	15	0	5	10
COG	Republic of the Congo	REVIEW	fr	French	français	Latn	Lingala (ln); Kituba (mkw)	French official; Lingala is the northern lingua franca.	douleur physique	physical pain	F	douleur émotionnelle	emotional pain	F	éco-anxiété	eco-anxiety	E	incertitude	uncertainty	F	deuil	bereavement / mourning / grief	E	indignation	indignation / moral outrage	E	précarité	precarity / insecurity	E	déracinement	uprooting	F	traumatisme	trauma	E	solitude	loneliness	E	dépression	depression	F	angoisse	anguish / fear / anxiety	E	sentiment d'impuissance	feeling of helplessness	F	honte	shame	E	absence de détresse	absence of distress	E	15	0	6	9
ROU	Romania	SETTLED	ro	Romanian	română	Latn			durere fizică	physical pain	F	suferință emoțională	emotional suffering	F	anxietate climatică	climate anxiety	E	incertitudine	uncertainty	E	doliu	mourning; bereavement	E	indignare	indignation	E	griji financiare	financial worries	E	exil	exile	E	copleșire	overpowering; overwhelming	E	singurătate	loneliness; solitude	E	depresie	depression	E	frică	fear	E	neputință	helplessness/powerlessness	E	rușine	shame	E	fără suferință	without suffering	F	15	0	3	12
RUS	Russia	SETTLED	ru	Russian	русский	Cyrl			физическая боль	physical pain; bodily hurt	F	душевная боль	psychic pain; mental anguish	F	экотревожность	eco-anxiety; anxiety caused by climate change and environmental deterioration	F	неопределённость	uncertainty; indeterminacy; lack of definiteness	E	скорбь	grief	E	возмущение	indignation; outrage; resentment; also disturbance in technical contexts	E	нужда	need; want; indigence; poverty; request/necessity in some uses	E	изгнание	exile; expulsion; deportation; banishment; ejection	E	травма	trauma; serious bodily injury; psychological injury/shock in current use	E	одиночество	loneliness; solitude; isolation	E	депрессия	depression; depressive mental state; also economic/other technical depression	E	страх	fear; fright; dread	E	беспомощность	helplessness; powerlessness; inability to act effectively	E	стыд	shame; embarrassment	E	без боли	without pain	F	15	0	4	11
RWA	Rwanda	SETTLED	rw	Kinyarwanda		Latn	English (en); French (fr)	Kinyarwanda is near-universal L1.	ububabare bw'umubiri	bodily pain, physical pain	F	ububabare	Hurt	E		Eco-anxiety	X	ugushidikanya	Uncertainty	E	icyunamo	Grief	E	uburakari	anger, wrath, rage	E	ubukene	poverty, want, need, indigence	E	ubuhunzi	exile, refugeehood, condition of being a refugee	F	ihahamuka	psychic trauma, severe fright or shock; a formal post-genocide mental-health term	E	irungu	Loneliness	E	ubwihebe	Depression	E	ubwoba	fear, fright, dread	E	kwiheba	hopelessness; despair	E	igisebo	Shame	E	nta bubabare	no pain, no suffering	C	14	1	2	11
KNA	Saint Kitts and Nevis	SETTLED	en	English		Latn			Pain	Pain	F	Hurt	Hurt	E	Eco-anxiety	Eco-anxiety	E	Uncertainty	Uncertainty	F	Grief	Grief	E	Anger	Anger	E	Hardship	Hardship	E	Displacement	Displacement	E	Trauma	Trauma	E	Loneliness	Loneliness	E	Depression	Depression	E	Fear	Fear	E	Helplessness	Helplessness	F	Shame	Shame	E	No pain	No pain	F	15	0	4	11
LCA	Saint Lucia	REVIEW	en	English		Latn	Saint Lucian Creole (acf)	English official; Kwéyòl widely spoken.	Pain	Pain	F	Hurt	Hurt	E	Eco-anxiety	Eco-anxiety	E	Uncertainty	Uncertainty	F	Grief	Grief	E	Anger	Anger	E	Hardship	Hardship	E	Displacement	Displacement	E	Trauma	Trauma	E	Loneliness	Loneliness	E	Depression	Depression	E	Fear	Fear	E	Helplessness	Helplessness	F	Shame	Shame	E	No pain	No pain	F	15	0	4	11
VCT	Saint Vincent and the Grenadines	SETTLED	en	English		Latn			Pain	Pain	F	Hurt	Hurt	E	Eco-anxiety	Eco-anxiety	E	Uncertainty	Uncertainty	F	Grief	Grief	E	Anger	Anger	E	Hardship	Hardship	E	Displacement	Displacement	E	Trauma	Trauma	E	Loneliness	Loneliness	E	Depression	Depression	E	Fear	Fear	E	Helplessness	Helplessness	F	Shame	Shame	E	No pain	No pain	F	15	0	4	11
WSM	Samoa	SETTLED	sm	Samoan		Latn	English (en)		tiga tino	bodily pain	C	faʻanoanoa	sadness, sorrow, regret; being sad or sorrowful	E		NO TERM FOUND	X	Le mautonu	uncertainty	F	faʻanoanoaga	grief, mourning, sorrow after loss	F	ita	anger, wrath; being angry	E	puapuaga	distress; affliction; torment; mental or physical suffering	E	faateva	banish / exile	F	atuatuvale	trouble; tribulation; distressed in mind; perplexed	E	toatasi	alone	E	fa'anoanoa	sadness / grief	F	fefe	fear, being afraid, fright	E	le mafai	unable / incapable	F	māsiasi	ashamed; embarrassed	E	E leai se tiga	there is no pain	F	14	1	6	7
SMR	San Marino	SETTLED	it	Italian	italiano	Latn			dolore fisico	physical pain	F	sofferenza emotiva	emotional suffering	F	ecoansia	eco-anxiety	E	incertezza	uncertainty	E	lutto	mourning; bereavement	E	indignazione	indignation	E	insicurezza economica	economic insecurity	E	esilio	exile	E	sovraccarico emotivo	emotional overload	E	solitudine	loneliness; solitude	E	depressione	depression	E	paura	fear	E	impotenza	powerlessness	E	vergogna	shame	E	senza sofferenza	without suffering	F	15	0	3	12
STP	Sao Tome and Principe	SETTLED	pt	Portuguese	português	Latn	Forro (cri)	"Portuguese 98.4% vs Forro 36.2% (RGPH 2012); no language data in the 2024 census. The widely circulated ""Forro 72.4%"" is the 2001 census, where Portuguese was still 98.9%. Forro fell by half between the two counts."	dor física	physical pain	F	sofrimento emocional	emotional suffering	F	ansiedade climática	climate anxiety	E	incerteza	uncertainty	E	luto	mourning; bereavement	E	indignação	indignation	E	insegurança material	material insecurity	E	exílio	exile	E	sobrecarga emocional	emotional overload	E	solidão	loneliness; solitude	E	depressão	depression	E	medo	fear	E	impotência	powerlessness	E	vergonha	shame	E	sem sofrimento	without suffering	F	15	0	3	12
SAU	Saudi Arabia	SETTLED	ar	Arabic	العربية	Arab		Variety: Najdi (ars) / Hijazi (acw) vs MSA.	وجع	Pain / ache	F	ضيق	Distress / inner tightness	E	القلق المناخي	climate anxiety, definite form	F	عدم اليقين	uncertainty; lack of certainty	F	حزن	Grief / sorrow	E	غضب	Anger	E	عوز	Want / destitution	E	نزوح	Displacement	E	صدمة	Shock / trauma	E	وحشة	Loneliness / forlornness	E	اكتئاب	Depression	F	خوف وقلق	Fear and anxiety	E	عجز	Inability / powerlessness	E	شعور بالذنب	Feeling of guilt	E	بلا ألم	without pain	F	15	0	5	10
SEN	Senegal	REVIEW	wo	Wolof		Latn	French (fr)	Wolof is spoken by ~90% as L1 or L2; French is the sole official language.	metit	pain; hurt; sorrow	E	tiis	sad; sadden; sorrow	E		NO TERM FOUND	X	xalat bu bari	many thoughts	F	naqar	sadness	E	mer	anger, irritation, being angry	E	coono	fatigue, difficulty, hardship, suffering	E	gàddaay	emigration, exile, departure abroad	E	njàqare	anguish; distress	F	tumuraanke	loneliness	E		NO TERM FOUND	X	tiit	fear	F	ñàkk pexe	without a solution or means; at an impasse	F	gaace	disgrace; shame	E	amul metit	(it) has no pain	F	13	2	5	8
SRB	Serbia	SETTLED	sr	Serbian	српски	Cyrl		Script: both Cyrillic and Latin are in active use.	бол	pain	E	бол	pain	E	климатска анксиозност	climate anxiety	C	неизвесност	uncertainty	F	жалост	grief	E	љутња	anger	E	немаштина	poverty / penury	E	изгнанство	exile	E	траума	trauma	E	осамљеност	loneliness	E	депресија	depression	E	страх	fear	E	беспомоћност	helplessness	E	срам	shame	E	bez bola	without pain	F	15	0	2	12
SYC	Seychelles	OPEN	crs	Seychellois Creole		Latn	English (en); French (fr)	Creole is near-universal L1; three official languages.	douler	pain; bodily or emotional hurt	E	lapenn	sorrow; emotional pain	F		Eco-anxiety	X	lensertitid	uncertainty	E	sagren	grief; regret	F	lakoler	anger	E	lamizer	misery, hardship, poverty	E	egzil	exile	F	tromatize	traumatized	F	tousel	lonely; alone as a felt state	F	dezespwar	despair	F	lafreyer	fear, fright	E		Helplessness	X	laont	shame	E	san douler	without pain	F	13	2	7	6
SLE	Sierra Leone	REVIEW	kri	Krio		Latn	English (en); Mende (men); Temne (tem)	Krio is the lingua franca; English is official.	pen	bodily pain	F	burn at	emotional distress; inner pain	F		Eco-anxiety	X	dawt	uncertainty, doubt	F	at heavy	grief	F	vex	anger; get angry	F	adop	hard-up; broke	P	banish	banish; send into exile	P	shɔk	trauma, severe shock	E	lonlie	lonely	F	poil at	depression	F	fred	fear; be afraid	F	nɔ gɛt pawa	helplessness, powerlessness	F	shem	shame; guilt	F	nɔ gɛt pen	no pain	F	14	1	11	1
SGP	Singapore	OPEN	en	English		Latn	Mandarin (zh); Malay (ms); Tamil (ta)	Four official languages; English dominates public and educational life.	Pain	Pain	F	Hurt	Hurt	E	Eco-anxiety	Eco-anxiety	E	Uncertainty	Uncertainty	F	Grief	Grief	E	Anger	Anger	E	Hardship	Hardship	E	Displacement	Displacement	E	Trauma	Trauma	E	Loneliness	Loneliness	E	Depression	Depression	E	Fear	Fear	E	Helplessness	Helplessness	F	Shame	Shame	E	No pain	No pain	F	15	0	4	11
SVK	Slovakia	SETTLED	sk	Slovak	slovenčina	Latn			fyzická bolesť	physical pain	F	trápenie	suffering; distress; torment	E	klimatická úzkosť	climate anxiety	F	neistota	uncertainty; insecurity	F	žiaľ	grief; sorrow	E	rozhorčenie	indignation; outrage	E	núdza	need; poverty; hardship	F	vysídlenie	displacement; expulsion	F	psychická trauma	psychological trauma	F	osamelosť	loneliness	F	depresia	depression	F	strach	fear	E	bezmocnosť	helplessness; powerlessness	F	hanba	shame; disgrace	E	bez bolesti	without pain	F	15	0	10	5
SVN	Slovenia	SETTLED	sl	Slovenian	slovenščina	Latn			telesna bolečina	bodily pain; physical pain	C	stiska	distress	E	podnebna tesnoba	climate anxiety	E	negotovost	uncertainty; insecurity; unsettledness	E	žalovanje	mourning; grieving; bereavement process	E	ogorčenje	indignation; outrage; strong offended anger	E	pomanjkanje	lack; shortage; deficiency; scarcity	E	razseljenost	displacement; state of being dispersed or relocated	E	travma	trauma; physical or psychological injury/shock	E	osamljenost	loneliness; painful aloneness	E	depresija	depression; depressive disorder/state; also non-mental domain senses	E	strah	fear; fright; dread	E	nemoč	powerlessness, helplessness, impotence; weakness	E	sram	shame; embarrassment; disgrace	E	brez bolečin	without pain	F	15	0	1	13
SLB	Solomon Islands	REVIEW	pis	Solomon Islands Pijin		Latn	English (en)	Pijin is the lingua franca; English is official.	soa	Pain	E	sore	Hurt	E		Eco-anxiety	X	daot	Uncertainty	E	sore	sorrow; grief	E	kros	anger; angry	E	hadtaem	difficulties	E	raosim	expel; drive out	P		Trauma	X	lonli	lonely	F		Depression	X	fraet	be scared, fear	E	kanduit	unable; cannot act	F	sem	shame, embarrassment; ashamed	E	no soa	not hurting; no pain	F	12	3	3	8
SOM	Somalia	SETTLED	so	Somali	Soomaali	Latn	Arabic (ar)		xanuun jireed	physical pain; bodily hurt	F	murugo	sadness; sorrow; grief	E	walaaca cimilada	climate worry; climate anxiety	E	hubanti-la’aan	uncertainty; lack of certainty	F	tiiraanyo	a matter over which one grieves	F	caro	anger; anger-like irritation	E	baahi	need; want; deprivation; scarcity or hunger in context	E	barakac	displacement; evacuation	E	dhaawac nafsi	psychological injury; mental wound	F	kelinimo	loneliness; solitude; aloneness	E	niyad-jab	discouragement; dejection; disappointment; depression in some current usage	E	cabsi	fear; fright; dread	E	awood la’aan	powerlessness; lack of ability; inability; also impotence in sexual-health usage	E	xishood	shyness; modesty; embarrassment; shame	E	xanuun la'aan	without pain	F	15	0	5	10
ZAF	South Africa	OPEN	en	English		Latn	Zulu (zu); Afrikaans (af); Xhosa (xh); Sepedi (nso)	Twelve official languages. Zulu is the largest home language at about 25%, which is also its readership ceiling, while English reading ability is about 72% self-reported with a floor near 60%. Chosen on the reading limb of the rule.	Pain	Pain	F	Hurt	Hurt	E	Eco-anxiety	Eco-anxiety	E	Uncertainty	Uncertainty	F	Grief	Grief	E	Anger	Anger	E	Hardship	Hardship	E	Displacement	Displacement	E	Trauma	Trauma	E	Loneliness	Loneliness	E	Depression	Depression	E	Fear	Fear	E	Helplessness	Helplessness	F	Shame	Shame	E	No pain	No pain	F	15	0	4	11
KOR	South Korea	SETTLED	ko	Korean	한국어	Kore			신체적 고통	physical/bodily pain	F	마음의 고통	pain of the heart/mind; emotional pain	F	기후 불안	climate anxiety/unease	E	불안	anxiety; uneasiness	E	애도	mourning; condolence	E	분노	anger; rage	E	생계 불안	livelihood insecurity/anxiety	E	강제 이주	forced migration/relocation	E	감당하기 어려움	difficulty coping/handling it	E	외로움	loneliness	E	우울증	depression; depressive disorder	E	두려움	fear	E	무력감	feeling of powerlessness/helplessness	F	수치심	shame	E	고통이 없음	absence of pain/suffering	F	15	0	4	11
SSD	South Sudan	OPEN	en	English		Latn	Juba Arabic (pga); Dinka (din)	English is official; Juba Arabic is the urban lingua franca; Dinka is the largest L1.	Pain	Pain	F	Hurt	Hurt	E	Eco-anxiety	Eco-anxiety	E	Uncertainty	Uncertainty	F	Grief	Grief	E	Anger	Anger	E	Hardship	Hardship	E	Displacement	Displacement	E	Trauma	Trauma	E	Loneliness	Loneliness	E	Depression	Depression	E	Fear	Fear	E	Helplessness	Helplessness	F	Shame	Shame	E	No pain	No pain	F	15	0	4	11
ESP	Spain	SETTLED	es	Spanish	español	Latn	Catalan (ca); Galician (gl); Basque (eu)	Variety: European Spanish, distinct from Latin American.	dolor físico	Physical pain	F	dolor emocional	Emotional pain	F	ecoansiedad	eco-anxiety; chronic fear of environmental catastrophe	F	incertidumbre	Uncertainty	F	duelo	Grief, mourning	E	indignación	Indignation, outrage	E	precariedad	Precarity	E	desarraigo	Rootlessness, uprooting	F	trauma	Trauma	E	soledad	Loneliness, solitude	E	depresión	Depression	F	ansiedad	Anxiety	E	impotencia	Powerlessness	F	culpa	Guilt, blame	E	sin dolor	without pain	F	15	0	8	7
LKA	Sri Lanka	OPEN	si	Sinhala	සිංහල	Sinh	Tamil (ta)	Both official; roughly 75/25.	වේදනාව	ache; discomfort; pain; sensation; suffering	E	දුක	grief; sorrow; suffering; trouble; woe	E		: 	X	අවිනිශ්චිතතාව	uncertainty; irresolution	E	ශෝකය	grief; distress; heartache; regret; sadness; sorrow	E	කෝපය	anger; indignation; ire; wrath	E	අගහිඟකම	privation	E	විස්ථාපනය	displacement; dislocation	E	මානසික කම්පනය	mental/psychological shock or trauma	C	තනිකම	aloneness; loneliness; singleness	E	විෂාදය	depression; depressive state	E	බිය	fear	E	අසරණකම	helplessness; being without recourse	E	ලැජ්ජාව	shame	E	වේදනාවක් නොමැති	no pain	F	14	1	1	12
PSE	State of Palestine	SETTLED	ar	Arabic	العربية	Arab		Variety: Levantine Arabic (apc) vs MSA.	وجع	Pain / ache	F	ضيق	Distress / inner tightness	E	القلق المناخي	climate anxiety, definite form	F	عدم اليقين	uncertainty; lack of certainty	F	حزن	Grief / sorrow	E	غضب	Anger	E	عوز	Want / destitution	E	نزوح	Displacement	E	صدمة	Shock / trauma	E	وحشة	Loneliness / forlornness	E	اكتئاب	Depression	F	خوف وقلق	Fear and anxiety	E	عجز	Inability / powerlessness	E	شعور بالذنب	Feeling of guilt	E	بلا ألم	without pain	F	15	0	5	10
SDN	Sudan	SETTLED	ar	Arabic	العربية	Arab	English (en)	Variety: Sudanese Arabic (apd) vs MSA.	وجع	Pain / ache	F	ضيق	Distress / inner tightness	E	القلق المناخي	climate anxiety, definite form	F	عدم اليقين	uncertainty; lack of certainty	F	حزن	Grief / sorrow	E	غضب	Anger	E	عوز	Want / destitution	E	نزوح	Displacement	E	صدمة	Shock / trauma	E	وحشة	Loneliness / forlornness	E	اكتئاب	Depression	F	خوف وقلق	Fear and anxiety	E	عجز	Inability / powerlessness	E	شعور بالذنب	Feeling of guilt	E	بلا ألم	without pain	F	15	0	5	10
SUR	Suriname	OPEN	nl	Dutch	Nederlands	Latn	Sranan Tongo (srn)	Dutch is official; Sranan Tongo is the lingua franca.	lichamelijke pijn	physical pain	F	emotionele pijn	emotional pain	F	klimaatangst	climate fear/anxiety	E	onzekerheid	uncertainty; insecurity	E	rouw	mourning; grief	E	verontwaardiging	indignation; outrage	E	financiële onzekerheid	financial insecurity	E	ballingschap	exile	E	overbelasting	overload	E	eenzaamheid	loneliness; solitude	E	depressie	depression	E	angst	fear/anxiety	E	machteloosheid	powerlessness	F	schaamte	shame	E	zonder lijden	without suffering	F	15	0	4	11
SWE	Sweden	SETTLED	sv	Swedish	svenska	Latn			smärta	pain	E	smärta	pain	E	klimatångest	climate anxiety	F	osäkerhet	uncertainty	E	sorg	grief	E	ilska	anger	E	utsatthet	vulnerability	E	exil	exile	E	trauma	trauma	E	ensamhet	solitude; loneliness	E	depression	depression	F	rädsla	fear	E	hjälplöshet	helplessness	F	skam	shame	E	ingen smärta	no pain	F	15	0	4	11
CHE	Switzerland	OPEN	de	German	Deutsch	Latn	French (fr); Italian (it); Romansh (rm)	Four national languages. Swiss German is the spoken form; Standard German the written.	körperlicher Schmerz	physical pain	F	seelischer Schmerz	emotional/psychological pain	F	Klimaangst	climate fear/anxiety	E	Ungewissheit	uncertainty	E	Trauer	grief; mourning; sorrow	E	Empörung	indignation; outrage	E	Existenzsorge	worry about one’s livelihood/existence	E	Entwurzelung	uprooting; rootlessness	E	Überforderung	being overwhelmed; excessive demand	E	Einsamkeit	loneliness; solitude	E	Depression	depression	E	Angst	fear/anxiety	E	Hilflosigkeit	helplessness	F	Scham	shame	E	ohne Leid	without suffering/distress	F	15	0	4	11
SYR	Syria	SETTLED	ar	Arabic	العربية	Arab	Kurdish (ku)	Variety: Levantine Arabic (apc) vs MSA.	وجع	Pain / ache	F	ضيق	Distress / inner tightness	E	القلق المناخي	climate anxiety, definite form	F	عدم اليقين	uncertainty; lack of certainty	F	حزن	Grief / sorrow	E	غضب	Anger	E	عوز	Want / destitution	E	نزوح	Displacement	E	صدمة	Shock / trauma	E	وحشة	Loneliness / forlornness	E	اكتئاب	Depression	F	خوف وقلق	Fear and anxiety	E	عجز	Inability / powerlessness	E	شعور بالذنب	Feeling of guilt	E	بلا ألم	without pain	F	15	0	5	10
TJK	Tajikistan	SETTLED	tg	Tajik	тоҷикӣ	Cyrl	Russian (ru)		дард	pain; ache; dread; distress	E	ғам	sorrow; grief; inner sadness	E	тарси иқлим	climate fear	C	номуайянӣ	uncertainty; indefiniteness	F	андӯҳ	grief; sorrow; distress; affliction	E	хашм	anger; wrath; rage	E	тангдастӣ	poverty; material hardship	F	бадарға	exile	F	осеби равонӣ	psychological trauma	F	танҳоӣ	solitude; aloneness	E	афсурдагӣ	depression	F	тарс	fear	E	дармондагӣ	helplessness; powerlessness	F	шарм	shame	E	бедард	painless, without pain	F	15	0	7	7
TZA	Tanzania	SETTLED	sw	Swahili	Kiswahili	Latn	English (en)	Swahili is the national language and near-universal.	maumivu	Pain	E	huzuni	Hurt	E	wasiwasi wa hali ya hewa	climate/weather anxiety or worry	E	shaka	Uncertainty	E	majonzi	grief; sorrow	E	hasira	Anger	E	dhiki	Hardship	E	uhamisho	Displacement	E	kiwewe	Trauma	E	upweke	loneliness; solitude	E	mfadhaiko	Depression	F	hofu	Fear	E	kutokuwa na uwezo	inability/powerlessness	E	aibu	Shame	E	bila mateso	without suffering	F	15	0	2	13
THA	Thailand	SETTLED	th	Thai	ไทย	Thai			ความเจ็บปวดทางกาย	physical/bodily pain	F	ความทุกข์ทางใจ	emotional/inner suffering	F	ความกังวลเรื่องภูมิอากาศ	worry/anxiety about the climate	E	ความไม่แน่นอน	uncertainty; lack of certainty	E	ความโศกเศร้าจากการสูญเสีย	grief/sorrow from loss	F	ความโกรธต่อความอยุติธรรม	anger at injustice	E	ความกังวลเรื่องปากท้อง	worry about livelihood/subsistence	E	การถูกบังคับให้ออกจากบ้าน	being forced to leave home	E	รับไม่ไหว	cannot handle/take it	E	ความเหงา	loneliness	C	ภาวะซึมเศร้า	depressive state	E	ความกลัวและความกังวล	fear and anxiety/worry	E	ความรู้สึกไร้อำนาจ	feeling of powerlessness	F	ความอับอายและความรู้สึกผิด	shame and guilt	E	ไม่มีความทุกข์	no suffering/distress	F	15	0	5	9
TLS	Timor-Leste	OPEN	tet	Tetum		Latn	Portuguese (pt); Indonesian (id)	Tetum and Portuguese both official; Tetum is the spoken language.	moras	sickness, illness, pain, ache, hurt, soreness	E	laran-moras	sad; upset; jealous	E		NO TERM FOUND	X	hanoin barak	thinking a lot	F	lutu	mourning	F	hirus	anger, being angry	E	mukit	poverty, hardship	F	dezlokadu	displaced	F	trauma	trauma	F	mesamesak	lonely	F	lakon-neon	despair, hopelessness	F	ta'uk	fear; be afraid	E	kbiit-laek	powerless, lacking strength or capacity; weak; impotent	E	moe	shame, embarrassment, shyness; being ashamed	E	laiha moras	no pain	F	14	1	8	6
TGO	Togo	REVIEW	fr	French	français	Latn	Ewe (ee); Kabiye (kbp)	French official; Ewe and Kabiye are national languages.	douleur physique	physical pain	F	douleur émotionnelle	emotional pain	F	éco-anxiété	eco-anxiety	E	incertitude	uncertainty	F	deuil	bereavement / mourning / grief	E	indignation	indignation / moral outrage	E	précarité	precarity / insecurity	E	déracinement	uprooting	F	traumatisme	trauma	E	solitude	loneliness	E	dépression	depression	F	angoisse	anguish / fear / anxiety	E	sentiment d'impuissance	feeling of helplessness	F	honte	shame	E	absence de détresse	absence of distress	E	15	0	6	9
TON	Tonga	SETTLED	to	Tongan	lea fakatonga	Latn	English (en)		mamahi	pain	F	loto mamahi	emotional hurt; sadness	F		Eco-anxiety	X	veiveiua	uncertainty	F	tengihia	grief	F	‘ita	anger; angry	F	masiva	poverty; material lack	F	Fakahee	banish; exile	F	mafasia	trauma, overwhelmed state	E	ta’elata	lonely	F	Loto Mafasia	depression	F	ilifia	fear; be afraid	F	taʻemafai	helplessness, powerlessness	E	fakamā	shame	F		NO TERM FOUND	X	13	2	11	2
TTO	Trinidad and Tobago	SETTLED	en	English		Latn			Pain	Pain	F	Hurt	Hurt	E	Eco-anxiety	Eco-anxiety	E	Uncertainty	Uncertainty	F	Grief	Grief	E	Anger	Anger	E	Hardship	Hardship	E	Displacement	Displacement	E	Trauma	Trauma	E	Loneliness	Loneliness	E	Depression	Depression	E	Fear	Fear	E	Helplessness	Helplessness	F	Shame	Shame	E	No pain	No pain	F	15	0	4	11
TUN	Tunisia	SETTLED	ar	Arabic	العربية	Arab	French (fr)	Variety: Tunisian Derja (aeb) vs MSA. French widely used.	وجع	Pain / ache	F	ضيق	Distress / inner tightness	E	القلق المناخي	climate anxiety, definite form	F	عدم اليقين	uncertainty; lack of certainty	F	حزن	Grief / sorrow	E	غضب	Anger	E	عوز	Want / destitution	E	نزوح	Displacement	E	صدمة	Shock / trauma	E	وحشة	Loneliness / forlornness	E	اكتئاب	Depression	F	خوف وقلق	Fear and anxiety	E	عجز	Inability / powerlessness	E	شعور بالذنب	Feeling of guilt	E	بلا ألم	without pain	F	15	0	5	10
TKM	Turkmenistan	SETTLED	tk	Turkmen	türkmen dili	Latn			agyry	pain; ache	E	gaýgy	sorrow; grief; worry	E		: 	X	näbellilik	uncertainty; indefiniteness	E	ýas	mourning; bereavement	E	gahar	anger; wrath	E	mätäçlik	need; want; poverty	E	sürgün	exile; banishment	E	trawma	trauma; injury	E	ýalňyzlyk	solitude; loneliness	E	depressiýa	depression	E	gorky	fear; fright	E	ejizlik	weakness; helplessness	E	utanç	shame; embarrassment	E	agyry ýok	no pain	F	14	1	1	13
TUV	Tuvalu	SETTLED	tvl	Tuvaluan		Latn	English (en)		'mae	pain, suffering; be painful or suffer	E	kālofa	Hurt	E		Eco-anxiety	X	fakalotolotolua	doubt, hesitate, be undecided	E	fanoanoa	sadness, disappointment; funeral or wake in a separate homonym	E	kaitaua	Anger	E	fakalavelave	trouble; problem; difficulty; accident	E	fakamāvaega	farewell, separation, departure	E		Trauma	X	solopū	longing for someone; homesickness	F	fanoanoaga	being sad, depressed; misfortune	E	hāpole	fear; be afraid/scary	E		Helplessness	X	mā	ashamed, embarrassed	E	Seeai se mmae	there is no pain	F	12	3	2	10
TUR	Türkiye	SETTLED	tr	Turkish	Türkçe	Latn			ağrı	pain; ache	F	üzüntü	sadness; sorrow	E	iklim kaygısı	climate anxiety	F	belirsizlik	uncertainty; indefiniteness	F	yas	mourning; grief	E	öfke	anger; rage	E	geçim sıkıntısı	livelihood hardship; financial difficulty	E	sürgün	exile; banishment	E	travma	trauma	E	yalnızlık	loneliness; solitude	E	depresyon	depression	F	korku	fear	E	çaresizlik	helplessness; desperation	E	utanç	shame	E	ağrı yok	no pain	F	15	0	5	10
UGA	Uganda	OPEN	en	English		Latn	Luganda (lg); Swahili (sw)	English and Swahili official; Luganda is the largest L1 and central lingua franca.	Pain	Pain	F	Hurt	Hurt	E	Eco-anxiety	Eco-anxiety	E	Uncertainty	Uncertainty	F	Grief	Grief	E	Anger	Anger	E	Hardship	Hardship	E	Displacement	Displacement	E	Trauma	Trauma	E	Loneliness	Loneliness	E	Depression	Depression	E	Fear	Fear	E	Helplessness	Helplessness	F	Shame	Shame	E	No pain	No pain	F	15	0	4	11
UKR	Ukraine	SETTLED	uk	Ukrainian	українська	Cyrl			біль	ache; pain	E	смуток	sadness, sorrow, grief, unhappiness	E	екотривожність	eco-anxiety; ecological anxiety	E	невизначеність	uncertainty, indeterminacy, indefiniteness	F	скорбота	grief, sorrow, affliction, woe	E	гнів	anger, ire, wrath	E	скрута	hardship, trouble, adversity; need, poverty, privation, financial hardship	E	вигнання	exile, expulsion, banishment	E	психотравма	psychological trauma	E	самотність	solitude; loneliness, lonesomeness	E	депресія	depression	F	страх	fear; risk, peril	E	безсилля	weakness; powerlessness; helplessness	E	сором	shame; disgrace	E	без болю	without pain	F	15	0	3	12
ARE	United Arab Emirates	OPEN	ar	Arabic	العربية	Arab	English (en)	Citizens are roughly 14% of the population. English functions as the de facto public lingua franca for the expatriate majority. Variety: Gulf Arabic vs MSA.	وجع	Pain / ache	F	ضيق	Distress / inner tightness	E	القلق المناخي	climate anxiety, definite form	F	عدم اليقين	uncertainty; lack of certainty	F	حزن	Grief / sorrow	E	غضب	Anger	E	عوز	Want / destitution	E	نزوح	Displacement	E	صدمة	Shock / trauma	E	وحشة	Loneliness / forlornness	E	اكتئاب	Depression	F	خوف وقلق	Fear and anxiety	E	عجز	Inability / powerlessness	E	شعور بالذنب	Feeling of guilt	E	بلا ألم	without pain	F	15	0	5	10
GBR	United Kingdom	SETTLED	en	English		Latn	Welsh (cy); Scottish Gaelic (gd)		Pain	Pain	F	Hurt	Hurt	E	Eco-anxiety	Eco-anxiety	E	Uncertainty	Uncertainty	F	Grief	Grief	E	Anger	Anger	E	Hardship	Hardship	E	Displacement	Displacement	E	Trauma	Trauma	E	Loneliness	Loneliness	E	Depression	Depression	E	Fear	Fear	E	Helplessness	Helplessness	F	Shame	Shame	E	No pain	No pain	F	15	0	4	11
USA	United States	SETTLED	en	English		Latn	Spanish (es)		Pain	Pain	F	Hurt	Hurt	E	Eco-anxiety	Eco-anxiety	E	Uncertainty	Uncertainty	F	Grief	Grief	E	Anger	Anger	E	Hardship	Hardship	E	Displacement	Displacement	E	Trauma	Trauma	E	Loneliness	Loneliness	E	Depression	Depression	E	Fear	Fear	E	Helplessness	Helplessness	F	Shame	Shame	E	No pain	No pain	F	15	0	4	11
URY	Uruguay	SETTLED	es	Spanish	español	Latn		Variety: Rioplatense.	dolor físico	Physical pain	F	dolor emocional	Emotional pain	F	ecoansiedad	eco-anxiety; chronic fear of environmental catastrophe	F	incertidumbre	Uncertainty	F	duelo	Grief, mourning	E	indignación	Indignation, outrage	E	precariedad	Precarity	E	desarraigo	Rootlessness, uprooting	F	trauma	Trauma	E	soledad	Loneliness, solitude	E	depresión	Depression	F	ansiedad	Anxiety	E	impotencia	Powerlessness	F	culpa	Guilt, blame	E	sin dolor	without pain	F	15	0	8	7
UZB	Uzbekistan	SETTLED	uz	Uzbek	o‘zbek	Latn	Russian (ru)		og‘riq	pain; ache	F	qayg‘u	sorrow; grief	E	iqlim tashvishi	climate anxiety; climate worry	F	noaniqlik	uncertainty; indefiniteness	F	motam	mourning; grief	E	g‘azab	anger; wrath	E	tanglik	straits; hardship; shortage	E	surgun	exile; banishment	E	ruhiy travma	psychological trauma	F	yolg‘izlik	loneliness; solitude	E	depressiya	depression	F	qo‘rquv	fear	E	chorasizlik	helplessness; having no recourse	F	uyat	shame; modesty	E	og‘riq yo‘q	no pain	F	15	0	7	8
VUT	Vanuatu	OPEN	bi	Bislama		Latn	English (en); French (fr)	Three official languages; Bislama is the national lingua franca.	soa	sore, bodily hurt	E	harem nogud	feel bad	F		Eco-anxiety	X	wari	worry	E	sadtaem	bereavement	F	kros	anger, rage; angry	E	hadtaem	hard time, difficult period	E	dipot	be deported	F	trauma	trauma	P		Loneliness	X	lusum hope	lose hope	F	fraet	frightened, afraid; fear	E	kanduit	unable to do	F	sem	shame, embarrassment; be ashamed	E	No gat pen	there is no pain	F	13	2	6	6
VEN	Venezuela	SETTLED	es	Spanish	español	Latn			dolor físico	Physical pain	F	dolor emocional	Emotional pain	F	ecoansiedad	eco-anxiety; chronic fear of environmental catastrophe	F	incertidumbre	Uncertainty	F	duelo	Grief, mourning	E	indignación	Indignation, outrage	E	precariedad	Precarity	E	desarraigo	Rootlessness, uprooting	F	trauma	Trauma	E	soledad	Loneliness, solitude	E	depresión	Depression	F	ansiedad	Anxiety	E	impotencia	Powerlessness	F	culpa	Guilt, blame	E	sin dolor	without pain	F	15	0	8	7
VNM	Vietnam	SETTLED	vi	Vietnamese	Tiếng Việt	Latn			đau	pain; hurt; ache	F	đau khổ	suffering; anguish; misery	E	lo âu sinh thái	ecological anxiety	F	bất định	indeterminacy; instability	F	đau buồn	grief; sorrow	E	phẫn nộ	indignation; outrage; fury	E	túng thiếu	poverty; want; neediness	E	lưu vong	exile	E	sang chấn	trauma; shock	E	cô đơn	lonely; alone; solitary	E	trầm cảm	depression	F	lo sợ	worry and fear	E	bất lực	powerlessness; inability; impotence	E	hổ thẹn	shame; remorse	E	không đau	no pain	F	15	0	5	10
YEM	Yemen	SETTLED	ar	Arabic	العربية	Arab		Variety: Yemeni Arabic vs MSA.	وجع	Pain / ache	F	ضيق	Distress / inner tightness	E	القلق المناخي	climate anxiety, definite form	F	عدم اليقين	uncertainty; lack of certainty	F	حزن	Grief / sorrow	E	غضب	Anger	E	عوز	Want / destitution	E	نزوح	Displacement	E	صدمة	Shock / trauma	E	وحشة	Loneliness / forlornness	E	اكتئاب	Depression	F	خوف وقلق	Fear and anxiety	E	عجز	Inability / powerlessness	E	شعور بالذنب	Feeling of guilt	E	بلا ألم	without pain	F	15	0	5	10
ZMB	Zambia	REVIEW	en	English		Latn	Bemba (bem); Nyanja (ny)	English is official; Bemba and Nyanja are the main lingua francas.	Pain	Pain	F	Hurt	Hurt	E	Eco-anxiety	Eco-anxiety	E	Uncertainty	Uncertainty	F	Grief	Grief	E	Anger	Anger	E	Hardship	Hardship	E	Displacement	Displacement	E	Trauma	Trauma	E	Loneliness	Loneliness	E	Depression	Depression	E	Fear	Fear	E	Helplessness	Helplessness	F	Shame	Shame	E	No pain	No pain	F	15	0	4	11
ZWE	Zimbabwe	REVIEW	sn	Shona	chiShona	Latn	English (en); Ndebele (nd)	Shona is L1 for about 81%. The 2013 constitution recognises 16 official languages including Shona, Ndebele and English.	marwadzo	Pain	E	chihurududu	deep sadness; despondency; grief	E		Eco-anxiety	X	musandusandu	unpredictability	F	daidzo	deep sorrow; grief; mourning	E	hasha	anger, rage, temper	E	nhamo	hardship, poverty, trouble, misfortune, suffering	E	kudzingwa pamba	being driven from home	F	njandayira	be deeply distressed; traumatized	F	kusurukirwa	loneliness, feeling lonely or abandoned	F	kufungisisa	thinking too much	F	kutya	Fear	E	kushaya zvekuita	helplessness; having no way to act	F	nyadzi	shame, disgrace, embarrassment	F	pasina marwadzo	without pain	F	14	1	8	6
